window_id,cumulative_utterances,cumulative_words,cumulative_wer,cumulative_disparity,theta_after_hash,adaptation_updated,adaptation_reset,adaptation_time_seconds,inference_time_seconds,wer_group_Hindi,wer_group_Mandarin,wer_group_Arabic,wer_group_Vietnamese,wer_group_Korean,wer_group_Spanish
0,4,39,0.641,0.0,dd30ce692dd833d1,True,False,5.4289,0.9458,0.641,,,,,
1,8,74,0.8784,0.0,08a31df0197a3593,True,False,6.2786,0.8124,0.8784,,,,,
2,12,110,0.9545,0.0,fec0a760a8a33e76,True,False,7.3454,1.0167,0.9545,,,,,
3,16,148,0.9662,0.0,673a5513f159ef43,True,False,7.1695,0.9353,0.9662,,,,,
4,20,184,0.9783,0.0,5bf3bda399547a20,True,False,7.3098,0.9612,0.9783,,,,,
5,24,223,0.9462,0.1834,8f047e81e16fd7db,True,False,7.1559,0.966,0.9783,0.7949,,,,
6,28,258,0.9574,0.0729,d9375bb36a961586,True,False,6.2692,0.7934,0.9783,0.9054,,,,
7,32,294,0.966,0.0328,9b568560943a62c3,True,False,7.1326,1.0337,0.9783,0.9455,,,,
8,36,332,0.9458,0.0729,678abadf9fffd7e5,True,False,7.1083,0.8489,0.9783,0.9054,,,,
9,40,368,0.9674,0.0217,fb09ea9ae0a37799,True,False,7.5373,0.9289,0.9783,0.9565,,,,
10,44,407,0.9509,0.1834,b9689ee66e206e24,True,False,6.9169,0.9297,0.9783,0.9565,0.7949,,,
11,48,442,0.957,0.0729,cf508af9f28a7312,True,False,5.8998,0.7792,0.9783,0.9565,0.9054,,,
12,52,478,0.9644,0.0237,15e6ba2c022fa41f,True,False,7.119,1.0356,0.9783,0.9565,0.9545,,,
13,56,516,0.9535,0.0593,e3136ee5beeb06b8,True,False,7.1308,0.8627,0.9783,0.9565,0.9189,,,
14,60,552,0.9583,0.038,8fd18096389dcd88,True,False,7.209,0.9791,0.9783,0.9565,0.9402,,,
15,64,591,0.9526,0.1065,9cbba7fd996e7362,True,False,7.926,1.0429,0.9783,0.9565,0.9402,0.8718,,
16,68,626,0.9585,0.038,8dbe957170fd5a8b,True,False,6.7496,0.9516,0.9783,0.9565,0.9402,0.9595,,
17,72,662,0.9637,0.0507,0d0b461ccf9a06f9,True,False,7.8289,1.1148,0.9783,0.9565,0.9402,0.9909,,
18,76,700,0.96,0.038,e78178bd458f7272,True,False,6.7722,0.8113,0.9783,0.9565,0.9402,0.9662,,
19,80,736,0.9633,0.038,9780925a860aab2a,True,False,6.6138,0.919,0.9783,0.9565,0.9402,0.9783,,
20,84,775,0.9471,0.3372,9411fd9db35dc826,True,False,6.4309,0.9032,0.9783,0.9565,0.9402,0.9783,0.641,
21,88,810,0.9519,0.1404,1a6976338ff64fbb,True,False,5.5902,0.7214,0.9783,0.9565,0.9402,0.9783,0.8378,
22,92,846,0.9515,0.1055,cc6b6f0d2fedbc65,True,False,6.4702,0.9192,0.9783,0.9565,0.9402,0.9783,0.8727,
23,96,884,0.9502,0.0931,74cc780f675f745c,True,False,6.0213,0.7483,0.9783,0.9565,0.9402,0.9783,0.8851,
24,100,920,0.9522,0.0707,a8bb9615fc69176d,True,False,5.7022,0.8423,0.9783,0.9565,0.9402,0.9783,0.9076,
25,104,959,0.9437,0.2347,b922b102ec22514f,True,False,6.3749,0.8557,0.9783,0.9565,0.9402,0.9783,0.9076,0.7436
26,108,994,0.9467,0.0999,5c23b4ae6cbf60c9,True,False,5.1717,0.7026,0.9783,0.9565,0.9402,0.9783,0.9076,0.8784
27,112,1030,0.9505,0.0707,084c0589b409e501,True,False,9.0811,0.9883,0.9783,0.9565,0.9402,0.9783,0.9076,0.9364
28,116,1068,0.9494,0.0707,b87165c0e6e55678,True,False,10.0182,1.2545,0.9783,0.9565,0.9402,0.9783,0.9076,0.9324
29,120,1104,0.9547,0.0707,b87165c0e6e55678,False,False,0.0,1.3715,0.9783,0.9565,0.9402,0.9783,0.9076,0.9674
