window_id,cumulative_utterances,cumulative_words,cumulative_wer,cumulative_disparity,theta_after_hash,adaptation_updated,adaptation_reset,adaptation_time_seconds,inference_time_seconds,wer_group_Vietnamese,wer_group_Spanish,wer_group_Mandarin,wer_group_Korean,wer_group_Hindi,wer_group_Arabic
0,4,39,0.7436,0.0,f3005b1b2c54f0a8,True,False,4.6593,1.1488,0.7436,,,,,
1,8,74,0.8649,0.0,ecaaf7b86e3f0c87,True,False,4.1489,0.8187,0.8649,,,,,
2,12,110,0.9273,0.0,72642ec27abe7fd4,True,False,4.6635,1.1128,0.9273,,,,,
3,16,148,0.9459,0.0,541aeb9b0056d3f0,True,False,3.948,0.8032,0.9459,,,,,
4,20,184,0.9565,0.0,68af90d66787316d,True,False,4.5231,0.9145,0.9565,,,,,
5,24,223,0.9462,0.0591,dc49053d378f5268,True,False,3.8,0.9419,0.9565,0.8974,,,,
6,28,258,0.9496,0.0241,e77e81ea05b3b064,True,False,3.081,0.6911,0.9565,0.9324,,,,
7,32,294,0.9592,0.0071,3789c7cfef5f0e85,True,False,4.6992,1.0215,0.9565,0.9636,,,,
8,36,332,0.9608,0.0097,6cef3dd2c0842c6a,True,False,4.1535,0.8253,0.9565,0.9662,,,,
9,40,368,0.9647,0.0163,d08d67a04b4becb5,True,False,4.2028,0.9418,0.9565,0.9728,,,,
10,44,407,0.9533,0.1267,34fde69b856e1340,True,False,4.4475,1.133,0.9565,0.9728,0.8462,,,
11,48,442,0.957,0.0539,47c885e542dba49f,True,False,4.0763,0.8204,0.9565,0.9728,0.9189,,,
12,52,478,0.9623,0.0183,9872ae7b268d9bbe,True,False,4.8758,1.1108,0.9565,0.9728,0.9545,,,
13,56,516,0.9612,0.0201,f78448c63fac7b85,True,False,4.2235,0.9108,0.9565,0.9728,0.9527,,,
14,60,552,0.9674,0.0163,2ceaf68b746dfd74,True,False,5.0308,0.9864,0.9565,0.9728,0.9728,,,
15,64,591,0.9543,0.2036,4f3965fac7c72d07,True,False,3.75,0.9651,0.9565,0.9728,0.9728,0.7692,,
16,68,626,0.9569,0.0944,473ea0cb8a2d43fe,True,False,3.2647,0.7214,0.9565,0.9728,0.9728,0.8784,,
17,72,662,0.9562,0.0728,154fbb77f8370d0b,True,False,4.0921,0.9522,0.9565,0.9728,0.9728,0.9,,
18,76,700,0.9557,0.0607,eda5a9068d023734,True,False,3.7906,0.7323,0.9565,0.9728,0.9728,0.9122,,
19,80,736,0.9579,0.0435,00f7d6075b5c0735,True,False,3.6941,0.8493,0.9565,0.9728,0.9728,0.9293,,
20,84,775,0.9316,0.5369,6b42656921fdc7b1,True,False,5.0225,1.0312,0.9565,0.9728,0.9728,0.9293,0.4359,
21,88,810,0.9383,0.2296,1c6f9c7aef0c9684,True,False,4.7665,0.8718,0.9565,0.9728,0.9728,0.9293,0.7432,
22,92,846,0.9456,0.1092,5d643eb4fa5cf64f,True,False,4.5974,1.1168,0.9565,0.9728,0.9728,0.9293,0.8636,
23,96,884,0.9468,0.0809,b40d5dfdcee6f2d0,True,False,4.7274,1.0274,0.9565,0.9728,0.9728,0.9293,0.8919,
24,100,920,0.9511,0.0489,6d93b8718bab229c,True,False,4.8629,1.0153,0.9565,0.9728,0.9728,0.9293,0.9239,
25,104,959,0.9447,0.178,584a7e7170ebd014,True,False,3.9887,1.0832,0.9565,0.9728,0.9728,0.9293,0.9239,0.7949
26,108,994,0.9447,0.108,bf21f119dff35022,True,False,3.605,0.7713,0.9565,0.9728,0.9728,0.9293,0.9239,0.8649
27,112,1030,0.9466,0.0637,b7941fb552cb7d4a,True,False,4.1668,1.0529,0.9565,0.9728,0.9728,0.9293,0.9239,0.9091
28,116,1068,0.9457,0.0607,f3ba738b61631555,True,False,4.2905,0.844,0.9565,0.9728,0.9728,0.9293,0.9239,0.9122
29,120,1104,0.9466,0.0489,f3ba738b61631555,False,False,0.0,1.0119,0.9565,0.9728,0.9728,0.9293,0.9239,0.9239
