experiment_id,stream_id,window_id,window_size,recording_ids,group_distribution,substitutions,deletions,insertions,reference_words,window_wer,cumulative_wer,cumulative_disparity,theta_before_hash,theta_after_hash,adaptation_updated,adaptation_reset,adaptation_time_seconds,inference_time_seconds
stress_babble_moderate_no_adapt,stream_order_a_k4_s42,0,4,"ABA_arctic_a0001,ABA_arctic_a0002,ABA_arctic_a0003,ABA_arctic_a0004","{""Arabic"": 4}",21,4,1,39,0.6667,0.6667,0.0,6665f58c73ac3762,6665f58c73ac3762,False,False,0.3961,1.1287
stress_babble_moderate_no_adapt,stream_order_a_k4_s42,1,4,"ABA_arctic_a0005,ABA_arctic_a0006,ABA_arctic_a0007,ABA_arctic_a0008","{""Arabic"": 4}",25,8,2,35,1.0,0.8243,0.0,6665f58c73ac3762,6665f58c73ac3762,False,False,0.3719,0.8809
stress_babble_moderate_no_adapt,stream_order_a_k4_s42,2,4,"ABA_arctic_a0009,ABA_arctic_a0010,ZHAA_arctic_a0001,ZHAA_arctic_a0002","{""Arabic"": 4}",29,5,1,36,0.9722,0.8727,0.0,6665f58c73ac3762,6665f58c73ac3762,False,False,0.356,1.0446
stress_babble_moderate_no_adapt,stream_order_a_k4_s42,3,4,"ZHAA_arctic_a0003,ZHAA_arctic_a0004,ZHAA_arctic_a0005,ZHAA_arctic_a0006","{""Arabic"": 4}",24,11,0,38,0.9211,0.8851,0.0,6665f58c73ac3762,6665f58c73ac3762,False,False,0.365,0.9033
stress_babble_moderate_no_adapt,stream_order_a_k4_s42,4,4,"ZHAA_arctic_a0007,ZHAA_arctic_a0008,ZHAA_arctic_a0009,ZHAA_arctic_a0010","{""Arabic"": 4}",29,5,0,36,0.9444,0.8967,0.0,6665f58c73ac3762,6665f58c73ac3762,False,False,0.4088,0.997
stress_babble_moderate_no_adapt,stream_order_a_k4_s42,5,4,"ASI_arctic_a0001,ASI_arctic_a0002,ASI_arctic_a0003,ASI_arctic_a0004","{""Hindi"": 4}",14,2,0,39,0.4103,0.8117,0.4865,6665f58c73ac3762,6665f58c73ac3762,False,False,0.4555,1.7261
stress_babble_moderate_no_adapt,stream_order_a_k4_s42,6,4,"ASI_arctic_a0005,ASI_arctic_a0006,ASI_arctic_a0007,ASI_arctic_a0008","{""Hindi"": 4}",30,3,5,35,1.0857,0.8488,0.167,6665f58c73ac3762,6665f58c73ac3762,False,False,0.453,1.4579
stress_babble_moderate_no_adapt,stream_order_a_k4_s42,7,4,"ASI_arctic_a0009,ASI_arctic_a0010,BJM_arctic_a0001,BJM_arctic_a0002","{""Hindi"": 4}",27,8,5,36,1.1111,0.881,0.0422,6665f58c73ac3762,6665f58c73ac3762,False,False,0.4259,1.8617
stress_babble_moderate_no_adapt,stream_order_a_k4_s42,8,4,"BJM_arctic_a0003,BJM_arctic_a0004,BJM_arctic_a0005,BJM_arctic_a0006","{""Hindi"": 4}",20,17,0,38,0.9737,0.8916,0.0116,6665f58c73ac3762,6665f58c73ac3762,False,False,0.4508,1.7166
stress_babble_moderate_no_adapt,stream_order_a_k4_s42,9,4,"BJM_arctic_a0007,BJM_arctic_a0008,BJM_arctic_a0009,BJM_arctic_a0010","{""Hindi"": 4}",24,12,2,36,1.0556,0.9076,0.0217,6665f58c73ac3762,6665f58c73ac3762,False,False,0.4378,1.6949
stress_babble_moderate_no_adapt,stream_order_a_k4_s42,10,4,"EBVS_arctic_a0001,EBVS_arctic_a0002,EBVS_arctic_a0003,EBVS_arctic_a0004","{""Korean"": 4}",22,8,0,39,0.7692,0.8943,0.1492,6665f58c73ac3762,6665f58c73ac3762,False,False,0.4406,1.535
stress_babble_moderate_no_adapt,stream_order_a_k4_s42,11,4,"EBVS_arctic_a0005,EBVS_arctic_a0006,EBVS_arctic_a0007,EBVS_arctic_a0008","{""Korean"": 4}",27,8,1,35,1.0286,0.905,0.0266,6665f58c73ac3762,6665f58c73ac3762,False,False,0.4356,1.2996
stress_babble_moderate_no_adapt,stream_order_a_k4_s42,12,4,"EBVS_arctic_a0009,EBVS_arctic_a0010,HCC_arctic_a0001,HCC_arctic_a0002","{""Korean"": 4}",26,5,3,36,0.9444,0.9079,0.0217,6665f58c73ac3762,6665f58c73ac3762,False,False,0.4409,1.5624
stress_babble_moderate_no_adapt,stream_order_a_k4_s42,13,4,"HCC_arctic_a0003,HCC_arctic_a0004,HCC_arctic_a0005,HCC_arctic_a0006","{""Korean"": 4}",18,15,2,38,0.9211,0.9089,0.0217,6665f58c73ac3762,6665f58c73ac3762,False,False,0.4382,1.3032
stress_babble_moderate_no_adapt,stream_order_a_k4_s42,14,4,"HCC_arctic_a0007,HCC_arctic_a0008,HCC_arctic_a0009,HCC_arctic_a0010","{""Korean"": 4}",27,9,0,36,1.0,0.9149,0.0326,6665f58c73ac3762,6665f58c73ac3762,False,False,0.4606,1.4718
stress_babble_moderate_no_adapt,stream_order_a_k4_s42,15,4,"BWC_arctic_a0001,BWC_arctic_a0002,BWC_arctic_a0003,BWC_arctic_a0004","{""Mandarin"": 4}",24,6,3,39,0.8462,0.9103,0.0832,6665f58c73ac3762,6665f58c73ac3762,False,False,0.4601,1.7182
stress_babble_moderate_no_adapt,stream_order_a_k4_s42,16,4,"BWC_arctic_a0005,BWC_arctic_a0006,BWC_arctic_a0007,BWC_arctic_a0008","{""Mandarin"": 4}",26,9,0,35,1.0,0.9153,0.0326,6665f58c73ac3762,6665f58c73ac3762,False,False,0.4492,1.4182
stress_babble_moderate_no_adapt,stream_order_a_k4_s42,17,4,"BWC_arctic_a0009,BWC_arctic_a0010,TLX_arctic_a0001,TLX_arctic_a0002","{""Mandarin"": 4}",31,5,1,36,1.0278,0.9215,0.0578,6665f58c73ac3762,6665f58c73ac3762,False,False,0.4458,1.79
stress_babble_moderate_no_adapt,stream_order_a_k4_s42,18,4,"TLX_arctic_a0003,TLX_arctic_a0004,TLX_arctic_a0005,TLX_arctic_a0006","{""Mandarin"": 4}",24,9,1,38,0.8947,0.92,0.0425,6665f58c73ac3762,6665f58c73ac3762,False,False,0.4322,1.5179
stress_babble_moderate_no_adapt,stream_order_a_k4_s42,19,4,"TLX_arctic_a0007,TLX_arctic_a0008,TLX_arctic_a0009,TLX_arctic_a0010","{""Mandarin"": 4}",28,8,3,36,1.0833,0.928,0.0707,6665f58c73ac3762,6665f58c73ac3762,False,False,0.4507,1.7442
stress_babble_moderate_no_adapt,stream_order_a_k4_s42,20,4,"MBX_arctic_a0001,MBX_arctic_a0002,MBX_arctic_a0003,MBX_arctic_a0004","{""Spanish"": 4}",27,8,0,39,0.8974,0.9265,0.0707,6665f58c73ac3762,6665f58c73ac3762,False,False,0.4247,1.5298
stress_babble_moderate_no_adapt,stream_order_a_k4_s42,21,4,"MBX_arctic_a0005,MBX_arctic_a0006,MBX_arctic_a0007,MBX_arctic_a0008","{""Spanish"": 4}",27,7,0,35,0.9714,0.9284,0.0707,6665f58c73ac3762,6665f58c73ac3762,False,False,0.434,1.1902
stress_babble_moderate_no_adapt,stream_order_a_k4_s42,22,4,"MBX_arctic_a0009,MBX_arctic_a0010,YDCK_arctic_a0001,YDCK_arctic_a0002","{""Spanish"": 4}",32,4,1,36,1.0278,0.9326,0.0707,6665f58c73ac3762,6665f58c73ac3762,False,False,0.319,1.6835
stress_babble_moderate_no_adapt,stream_order_a_k4_s42,23,4,"YDCK_arctic_a0003,YDCK_arctic_a0004,YDCK_arctic_a0005,YDCK_arctic_a0006","{""Spanish"": 4}",28,9,0,38,0.9737,0.9344,0.0707,6665f58c73ac3762,6665f58c73ac3762,False,False,0.4266,1.3971
stress_babble_moderate_no_adapt,stream_order_a_k4_s42,24,4,"YDCK_arctic_a0007,YDCK_arctic_a0008,YDCK_arctic_a0009,YDCK_arctic_a0010","{""Spanish"": 4}",23,13,0,36,1.0,0.937,0.0761,6665f58c73ac3762,6665f58c73ac3762,False,False,0.4154,1.6906
stress_babble_moderate_no_adapt,stream_order_a_k4_s42,25,4,"BVT_arctic_a0001,BVT_arctic_a0002,BVT_arctic_a0003,BVT_arctic_a0004","{""Vietnamese"": 4}",22,7,0,39,0.7436,0.9291,0.2292,6665f58c73ac3762,6665f58c73ac3762,False,False,0.4338,1.7332
stress_babble_moderate_no_adapt,stream_order_a_k4_s42,26,4,"BVT_arctic_a0005,BVT_arctic_a0006,BVT_arctic_a0007,BVT_arctic_a0008","{""Vietnamese"": 4}",27,7,1,35,1.0,0.9316,0.108,6665f58c73ac3762,6665f58c73ac3762,False,False,0.4328,1.4002
stress_babble_moderate_no_adapt,stream_order_a_k4_s42,27,4,"BVT_arctic_a0009,BVT_arctic_a0010,LXC_arctic_a0001,LXC_arctic_a0002","{""Vietnamese"": 4}",31,5,2,36,1.0556,0.9359,0.0761,6665f58c73ac3762,6665f58c73ac3762,False,False,0.4389,1.83
stress_babble_moderate_no_adapt,stream_order_a_k4_s42,28,4,"LXC_arctic_a0003,LXC_arctic_a0004,LXC_arctic_a0005,LXC_arctic_a0006","{""Vietnamese"": 4}",25,13,0,38,1.0,0.9382,0.0761,6665f58c73ac3762,6665f58c73ac3762,False,False,0.4382,1.4232
stress_babble_moderate_no_adapt,stream_order_a_k4_s42,29,4,"LXC_arctic_a0007,LXC_arctic_a0008,LXC_arctic_a0009,LXC_arctic_a0010","{""Vietnamese"": 4}",26,10,0,36,1.0,0.9402,0.0761,6665f58c73ac3762,6665f58c73ac3762,False,False,0.4155,1.5669
