window_id,cumulative_utterances,cumulative_words,cumulative_wer,cumulative_disparity,theta_after_hash,adaptation_updated,adaptation_reset,adaptation_time_seconds,inference_time_seconds,wer_group_Arabic,wer_group_Hindi,wer_group_Korean,wer_group_Mandarin,wer_group_Spanish,wer_group_Vietnamese
0,4,39,0.5897,0.0,ff5f45d2d48f8724,False,False,0.1451,24.0389,0.5897,,,,,
1,8,74,0.8243,0.0,ff5f45d2d48f8724,False,False,0.2584,23.4644,0.8243,,,,,
2,12,110,0.9364,0.0761,ff5f45d2d48f8724,False,False,0.2608,37.576,0.9239,1.0,,,,
3,16,148,0.8851,0.1025,ff5f45d2d48f8724,False,False,0.2388,38.1757,0.9239,0.8214,,,,
4,20,184,0.9511,0.0543,ff5f45d2d48f8724,False,False,0.2094,37.6903,0.9239,0.9783,,,,
5,24,223,0.8834,0.4142,ff5f45d2d48f8724,False,False,0.148,28.7136,0.9239,0.9783,0.5641,,,
6,28,258,0.9109,0.1675,ff5f45d2d48f8724,False,False,0.1473,24.7734,0.9239,0.9783,0.8108,,,
7,32,294,0.898,0.5338,ff5f45d2d48f8724,False,False,0.1444,24.6417,0.9239,0.9783,0.8804,0.4444,,
8,36,332,0.8705,0.389,ff5f45d2d48f8724,False,False,0.1464,23.0363,0.9239,0.9783,0.8804,0.5893,,
9,40,368,0.8967,0.1739,ff5f45d2d48f8724,False,False,0.1406,24.5797,0.9239,0.9783,0.8804,0.8043,,
10,44,407,0.8673,0.3885,ff5f45d2d48f8724,False,False,0.141,24.6901,0.9239,0.9783,0.8804,0.8043,0.5897,
11,48,442,0.8891,0.1739,ff5f45d2d48f8724,False,False,0.1363,25.2504,0.9239,0.9783,0.8804,0.8043,0.8514,
12,52,478,0.9017,0.1739,ff5f45d2d48f8724,False,False,0.1524,32.057,0.9239,0.9783,0.8804,0.8043,0.9239,0.8889
13,56,516,0.8915,0.1747,ff5f45d2d48f8724,False,False,0.1189,22.9378,0.9239,0.9783,0.8804,0.8043,0.9239,0.8036
14,60,552,0.904,0.1739,ff5f45d2d48f8724,False,False,0.1065,19.2424,0.9239,0.9783,0.8804,0.8043,0.9239,0.913
