model_key,window_id,candidate_id,current_model_id,delta_R,max_delta_g,delta_D,UCB_R,UCB_max_group,UCB_D,epsilon_R,epsilon_G,epsilon_D,decision,decision_reason,rejection_category
xlsr_english,0,8c8f00a24bbe8008,7f09ef4ced098049,0.000683,0.002268,0.001946,0.001367,0.006085,0.004494,0.0,0.02,0.02,REJECT,STATISTICAL_GATE_REJECTION,STATISTICAL_GATE_REJECTION
xlsr_english,1,d4f7cb59f86eb5cf,7f09ef4ced098049,0.000683,0.003891,0.003891,0.00194,0.010733,0.010715,0.0,0.02,0.02,REJECT,STATISTICAL_GATE_REJECTION,STATISTICAL_GATE_REJECTION
xlsr_english,2,73df430ca8ca4fd8,7f09ef4ced098049,0.001025,0.003636,-0.003636,0.002426,0.010969,0.003817,0.0,0.02,0.02,REJECT,STATISTICAL_GATE_REJECTION,STATISTICAL_GATE_REJECTION
xlsr_english,3,79c43c7388ee0407,7f09ef4ced098049,0.001367,0.003636,-0.001691,0.002689,0.010969,0.00404,0.0,0.02,0.02,REJECT,STATISTICAL_GATE_REJECTION,STATISTICAL_GATE_REJECTION
xlsr_english,4,275ef2b83858c0c2,7f09ef4ced098049,0.000683,0.003891,0.003891,0.00194,0.010733,0.010715,0.0,0.02,0.02,REJECT,STATISTICAL_GATE_REJECTION,STATISTICAL_GATE_REJECTION
xlsr_english,5,843f1d29d551da9f,7f09ef4ced098049,0.001025,0.003636,-0.001691,0.002175,0.010969,0.004132,0.0,0.02,0.02,REJECT,STATISTICAL_GATE_REJECTION,STATISTICAL_GATE_REJECTION
xlsr_english,6,32d9572ca1ce47f3,7f09ef4ced098049,0.001025,0.003636,-0.001691,0.002401,0.010969,0.00404,0.0,0.02,0.02,REJECT,STATISTICAL_GATE_REJECTION,STATISTICAL_GATE_REJECTION
xlsr_english,7,139a753b1bf34cd3,7f09ef4ced098049,0.001367,0.003636,-0.001691,0.002689,0.010969,0.00404,0.0,0.02,0.02,REJECT,STATISTICAL_GATE_REJECTION,STATISTICAL_GATE_REJECTION
xlsr_english,8,5b5d6b5a9cccfc15,7f09ef4ced098049,0.001367,0.003636,-0.001691,0.002689,0.010969,0.00404,0.0,0.02,0.02,REJECT,STATISTICAL_GATE_REJECTION,STATISTICAL_GATE_REJECTION
xlsr_english,9,e83bd5a923e71a41,7f09ef4ced098049,0.001025,0.003636,-0.003636,0.002426,0.010969,0.003817,0.0,0.02,0.02,REJECT,STATISTICAL_GATE_REJECTION,STATISTICAL_GATE_REJECTION
xlsr_english,10,5df7b60ffc09b723,7f09ef4ced098049,0.001025,0.003636,-0.001691,0.002401,0.010969,0.00404,0.0,0.02,0.02,REJECT,STATISTICAL_GATE_REJECTION,STATISTICAL_GATE_REJECTION
xlsr_english,11,6dd0ecbe7d9a97e3,7f09ef4ced098049,0.000683,0.003636,-0.003636,0.002047,0.010969,0.003817,0.0,0.02,0.02,REJECT,STATISTICAL_GATE_REJECTION,STATISTICAL_GATE_REJECTION
xlsr_english,12,c5633b63d57cb210,7f09ef4ced098049,0.000683,0.003636,-0.001691,0.002024,0.010969,0.004132,0.0,0.02,0.02,REJECT,STATISTICAL_GATE_REJECTION,STATISTICAL_GATE_REJECTION
xlsr_english,13,789ec59b6b332144,7f09ef4ced098049,0.000683,0.003636,-0.001691,0.002024,0.010969,0.004132,0.0,0.02,0.02,REJECT,STATISTICAL_GATE_REJECTION,STATISTICAL_GATE_REJECTION
xlsr_english,14,ce5e9a01cd082aba,7f09ef4ced098049,0.000342,0.003636,-0.003636,0.002126,0.011215,0.008081,0.0,0.02,0.02,REJECT,STATISTICAL_GATE_REJECTION,STATISTICAL_GATE_REJECTION
xlsr_english,15,b7661a28608ef693,7f09ef4ced098049,0.001367,0.003636,-0.001691,0.002689,0.010969,0.00404,0.0,0.02,0.02,REJECT,STATISTICAL_GATE_REJECTION,STATISTICAL_GATE_REJECTION
xlsr_english,16,b6ad52bf1355dcd4,7f09ef4ced098049,0.001367,0.003636,-0.001691,0.002689,0.010969,0.00404,0.0,0.02,0.02,REJECT,STATISTICAL_GATE_REJECTION,STATISTICAL_GATE_REJECTION
xlsr_english,17,2fae1a576b3c33f3,7f09ef4ced098049,0.001367,0.003636,-0.001691,0.002689,0.010969,0.00404,0.0,0.02,0.02,REJECT,STATISTICAL_GATE_REJECTION,STATISTICAL_GATE_REJECTION
xlsr_english,18,819d02cd1158eebd,7f09ef4ced098049,0.000342,0.003636,-0.005582,0.001776,0.010969,0.003929,0.0,0.02,0.02,REJECT,STATISTICAL_GATE_REJECTION,STATISTICAL_GATE_REJECTION
xlsr_english,19,77428a4cec2c5e8f,7f09ef4ced098049,0.001708,0.003891,0.000255,0.003196,0.011301,0.008247,0.0,0.02,0.02,REJECT,STATISTICAL_GATE_REJECTION,STATISTICAL_GATE_REJECTION
xlsr_english,20,dd7c52e8d3ff80ce,7f09ef4ced098049,0.001367,0.003636,-0.001691,0.002689,0.010969,0.00404,0.0,0.02,0.02,REJECT,STATISTICAL_GATE_REJECTION,STATISTICAL_GATE_REJECTION
xlsr_english,21,32ab859137acd47e,7f09ef4ced098049,0.001025,0.003891,0.003891,0.002095,0.010733,0.008989,0.0,0.02,0.02,REJECT,STATISTICAL_GATE_REJECTION,STATISTICAL_GATE_REJECTION
xlsr_english,22,ed08544e9d760093,7f09ef4ced098049,0.001708,0.003891,0.000255,0.003196,0.011301,0.008247,0.0,0.02,0.02,REJECT,STATISTICAL_GATE_REJECTION,STATISTICAL_GATE_REJECTION
xlsr_english,23,3f52e126ee117018,7f09ef4ced098049,0.001367,0.003636,-0.001691,0.002689,0.010969,0.00404,0.0,0.02,0.02,REJECT,STATISTICAL_GATE_REJECTION,STATISTICAL_GATE_REJECTION
xlsr_english,24,bbb9f1ae8f8cae00,7f09ef4ced098049,0.001367,0.003636,-0.001691,0.002689,0.010969,0.00404,0.0,0.02,0.02,REJECT,STATISTICAL_GATE_REJECTION,STATISTICAL_GATE_REJECTION
xlsr_english,25,c67d291018622c6b,7f09ef4ced098049,0.000683,0.002268,0.001946,0.001367,0.006085,0.004494,0.0,0.02,0.02,REJECT,STATISTICAL_GATE_REJECTION,STATISTICAL_GATE_REJECTION
xlsr_english,26,0b299523db147684,7f09ef4ced098049,0.001025,0.003636,-0.001691,0.002175,0.010969,0.004132,0.0,0.02,0.02,REJECT,STATISTICAL_GATE_REJECTION,STATISTICAL_GATE_REJECTION
xlsr_english,27,f31376277ca8c8dc,7f09ef4ced098049,0.0,0.001946,0.001946,0.000688,0.005367,0.005358,0.0,0.02,0.02,REJECT,STATISTICAL_GATE_REJECTION,STATISTICAL_GATE_REJECTION
xlsr_english,28,dee2e26a75cbacfd,7f09ef4ced098049,0.001025,0.003636,-0.001691,0.002175,0.010969,0.004132,0.0,0.02,0.02,REJECT,STATISTICAL_GATE_REJECTION,STATISTICAL_GATE_REJECTION
xlsr_english,29,4262d9b91993910e,7f09ef4ced098049,0.000683,0.003636,-0.005582,0.002397,0.010969,0.003846,0.0,0.02,0.02,REJECT,STATISTICAL_GATE_REJECTION,STATISTICAL_GATE_REJECTION
xlsr_english,30,39e813158b248af9,7f09ef4ced098049,0.001025,0.003636,-0.001691,0.002401,0.010969,0.00404,0.0,0.02,0.02,REJECT,STATISTICAL_GATE_REJECTION,STATISTICAL_GATE_REJECTION
xlsr_english,31,667480fc0a8017e3,7f09ef4ced098049,0.000342,0.003636,-0.005582,0.001776,0.010969,0.003929,0.0,0.02,0.02,REJECT,STATISTICAL_GATE_REJECTION,STATISTICAL_GATE_REJECTION
xlsr_english,32,d7c0af2647ce0ae9,7f09ef4ced098049,0.000683,0.002268,0.001946,0.001367,0.006085,0.004494,0.0,0.02,0.02,REJECT,STATISTICAL_GATE_REJECTION,STATISTICAL_GATE_REJECTION
xlsr_english,33,c00760fe5172c8d7,7f09ef4ced098049,0.000342,0.003636,-0.005582,0.001776,0.010969,0.003929,0.0,0.02,0.02,REJECT,STATISTICAL_GATE_REJECTION,STATISTICAL_GATE_REJECTION
xlsr_english,34,738b7fe0fbfc354b,7f09ef4ced098049,0.001367,0.003636,-0.001691,0.002689,0.010969,0.00404,0.0,0.02,0.02,REJECT,STATISTICAL_GATE_REJECTION,STATISTICAL_GATE_REJECTION
xlsr_english,35,c71218e99641fd09,7f09ef4ced098049,0.001708,0.003891,0.000255,0.003196,0.011301,0.008247,0.0,0.02,0.02,REJECT,STATISTICAL_GATE_REJECTION,STATISTICAL_GATE_REJECTION
xlsr_english,36,7d80c2fa34acf31a,7f09ef4ced098049,0.000683,0.002268,0.001946,0.001367,0.006085,0.004494,0.0,0.02,0.02,REJECT,STATISTICAL_GATE_REJECTION,STATISTICAL_GATE_REJECTION
xlsr_english,37,29864bb24bfdb0fb,7f09ef4ced098049,0.001025,0.003636,-0.001691,0.002175,0.010969,0.004132,0.0,0.02,0.02,REJECT,STATISTICAL_GATE_REJECTION,STATISTICAL_GATE_REJECTION
xlsr_english,38,0d3a8e92fba93df5,7f09ef4ced098049,0.001025,0.003636,-0.001691,0.002175,0.010969,0.004132,0.0,0.02,0.02,REJECT,STATISTICAL_GATE_REJECTION,STATISTICAL_GATE_REJECTION
xlsr_english,39,ef595ee8bdf09320,7f09ef4ced098049,0.001025,0.003636,-0.001691,0.002175,0.010969,0.004132,0.0,0.02,0.02,REJECT,STATISTICAL_GATE_REJECTION,STATISTICAL_GATE_REJECTION
xlsr_english,40,44e457a1232fe89a,7f09ef4ced098049,0.000342,0.003636,-0.007527,0.002073,0.010969,0.002049,0.0,0.02,0.02,REJECT,STATISTICAL_GATE_REJECTION,STATISTICAL_GATE_REJECTION
xlsr_english,41,65faab6e8100c748,7f09ef4ced098049,0.001025,0.003636,-0.001691,0.002175,0.010969,0.004132,0.0,0.02,0.02,REJECT,STATISTICAL_GATE_REJECTION,STATISTICAL_GATE_REJECTION
xlsr_english,42,292415cf189ed9af,7f09ef4ced098049,0.001367,0.003891,0.000255,0.00278,0.011301,0.008267,0.0,0.02,0.02,REJECT,STATISTICAL_GATE_REJECTION,STATISTICAL_GATE_REJECTION
xlsr_english,43,0547ff30b45edbda,7f09ef4ced098049,0.001367,0.003636,-0.001691,0.002689,0.010969,0.00404,0.0,0.02,0.02,REJECT,STATISTICAL_GATE_REJECTION,STATISTICAL_GATE_REJECTION
xlsr_english,44,016459d1268b4426,7f09ef4ced098049,0.000683,0.003636,-0.001691,0.002024,0.010969,0.004132,0.0,0.02,0.02,REJECT,STATISTICAL_GATE_REJECTION,STATISTICAL_GATE_REJECTION
xlsr_english,45,35899ffd6fb9727f,7f09ef4ced098049,0.001025,0.003636,-0.001691,0.002175,0.010969,0.004132,0.0,0.02,0.02,REJECT,STATISTICAL_GATE_REJECTION,STATISTICAL_GATE_REJECTION
xlsr_english,46,32a2ae8377632f4f,7f09ef4ced098049,0.001367,0.003636,-0.001691,0.002689,0.010969,0.00404,0.0,0.02,0.02,REJECT,STATISTICAL_GATE_REJECTION,STATISTICAL_GATE_REJECTION
xlsr_english,47,c1ca336842e6429d,7f09ef4ced098049,0.000342,0.001946,0.001946,0.00097,0.005367,0.005358,0.0,0.02,0.02,REJECT,STATISTICAL_GATE_REJECTION,STATISTICAL_GATE_REJECTION
xlsr_english,48,a067d365cd84ef73,7f09ef4ced098049,0.000683,0.003636,-0.005582,0.002397,0.010969,0.003846,0.0,0.02,0.02,REJECT,STATISTICAL_GATE_REJECTION,STATISTICAL_GATE_REJECTION
xlsr_english,49,5aef0413dc80e688,7f09ef4ced098049,0.001708,0.005837,0.0022,0.00316,0.011538,0.010949,0.0,0.02,0.02,REJECT,STATISTICAL_GATE_REJECTION,STATISTICAL_GATE_REJECTION
xlsr_english,50,549a6fce6188656a,7f09ef4ced098049,0.001025,0.003636,-0.003636,0.002965,0.011215,0.007859,0.0,0.02,0.02,REJECT,STATISTICAL_GATE_REJECTION,STATISTICAL_GATE_REJECTION
xlsr_english,51,32cb201b9b4fba4b,7f09ef4ced098049,0.000342,0.001946,0.001946,0.00097,0.005367,0.005358,0.0,0.02,0.02,REJECT,STATISTICAL_GATE_REJECTION,STATISTICAL_GATE_REJECTION
xlsr_english,52,c345f9c47739c218,7f09ef4ced098049,0.001367,0.003891,0.000255,0.00278,0.011301,0.008267,0.0,0.02,0.02,REJECT,STATISTICAL_GATE_REJECTION,STATISTICAL_GATE_REJECTION
xlsr_english,53,1c394eea7947017d,7f09ef4ced098049,0.001025,0.003636,-0.001691,0.002175,0.010969,0.004132,0.0,0.02,0.02,REJECT,STATISTICAL_GATE_REJECTION,STATISTICAL_GATE_REJECTION
xlsr_english,54,298e00fcddeac7a6,7f09ef4ced098049,0.000342,0.001946,0.001946,0.00097,0.005367,0.005358,0.0,0.02,0.02,REJECT,STATISTICAL_GATE_REJECTION,STATISTICAL_GATE_REJECTION
xlsr_english,55,127a0355dcda6cc8,7f09ef4ced098049,0.001367,0.003636,-0.001691,0.002689,0.010969,0.00404,0.0,0.02,0.02,REJECT,STATISTICAL_GATE_REJECTION,STATISTICAL_GATE_REJECTION
xlsr_english,56,31f31d66a024bdb1,7f09ef4ced098049,0.000683,0.002268,0.001946,0.001367,0.006085,0.004494,0.0,0.02,0.02,REJECT,STATISTICAL_GATE_REJECTION,STATISTICAL_GATE_REJECTION
xlsr_english,57,1887a9936857c24a,7f09ef4ced098049,0.000683,0.003636,-0.005582,0.00275,0.011132,0.00642,0.0,0.02,0.02,REJECT,STATISTICAL_GATE_REJECTION,STATISTICAL_GATE_REJECTION
xlsr_english,58,b8b07ffd9110a705,7f09ef4ced098049,0.001708,0.003891,0.000255,0.003196,0.011301,0.008247,0.0,0.02,0.02,REJECT,STATISTICAL_GATE_REJECTION,STATISTICAL_GATE_REJECTION
xlsr_english,59,bea3bbda36ca07ff,7f09ef4ced098049,0.001025,0.003636,-0.001691,0.002175,0.010969,0.004132,0.0,0.02,0.02,REJECT,STATISTICAL_GATE_REJECTION,STATISTICAL_GATE_REJECTION
xlsr_english,60,3de802c0f6ef0152,7f09ef4ced098049,0.001025,0.003636,-0.001691,0.002401,0.010969,0.00404,0.0,0.02,0.02,REJECT,STATISTICAL_GATE_REJECTION,STATISTICAL_GATE_REJECTION
xlsr_english,61,0aad320987a97da6,7f09ef4ced098049,0.001025,0.003636,-0.001691,0.002175,0.010969,0.004132,0.0,0.02,0.02,REJECT,STATISTICAL_GATE_REJECTION,STATISTICAL_GATE_REJECTION
xlsr_english,62,f09c30798e48a6f2,7f09ef4ced098049,0.001025,0.003636,-0.001691,0.002175,0.010969,0.004132,0.0,0.02,0.02,REJECT,STATISTICAL_GATE_REJECTION,STATISTICAL_GATE_REJECTION
xlsr_english,63,573eb9a234e3c3e3,7f09ef4ced098049,0.001025,0.003636,-0.001691,0.002401,0.010969,0.00404,0.0,0.02,0.02,REJECT,STATISTICAL_GATE_REJECTION,STATISTICAL_GATE_REJECTION
xlsr_english,64,de54968a393b8e3b,7f09ef4ced098049,0.000683,0.002268,0.001946,0.001367,0.006085,0.004494,0.0,0.02,0.02,REJECT,STATISTICAL_GATE_REJECTION,STATISTICAL_GATE_REJECTION
xlsr_english,65,59edc7559dfc953c,7f09ef4ced098049,0.001367,0.003891,0.000255,0.00278,0.011301,0.008267,0.0,0.02,0.02,REJECT,STATISTICAL_GATE_REJECTION,STATISTICAL_GATE_REJECTION
xlsr_english,66,b5e3cbfa06d162de,7f09ef4ced098049,0.001367,0.003636,-0.001691,0.002689,0.010969,0.00404,0.0,0.02,0.02,REJECT,STATISTICAL_GATE_REJECTION,STATISTICAL_GATE_REJECTION
xlsr_english,67,dcc5781449df2a0d,7f09ef4ced098049,0.001025,0.003636,-0.001691,0.002175,0.010969,0.004132,0.0,0.02,0.02,REJECT,STATISTICAL_GATE_REJECTION,STATISTICAL_GATE_REJECTION
xlsr_english,68,eb4ccd26046fec1d,7f09ef4ced098049,0.001025,0.003636,-0.001691,0.002401,0.010969,0.00404,0.0,0.02,0.02,REJECT,STATISTICAL_GATE_REJECTION,STATISTICAL_GATE_REJECTION
xlsr_english,69,8f6bce681cbc0224,7f09ef4ced098049,-0.000342,0.0,-0.001946,0.000704,0.004255,0.004255,0.0,0.02,0.02,REJECT,STATISTICAL_GATE_REJECTION,STATISTICAL_GATE_REJECTION
xlsr_english,70,9578ea05c64cfdc9,7f09ef4ced098049,0.001367,0.003636,-0.001691,0.002689,0.010969,0.00404,0.0,0.02,0.02,REJECT,STATISTICAL_GATE_REJECTION,STATISTICAL_GATE_REJECTION
xlsr_english,71,e7c0d936ca9f9e3c,7f09ef4ced098049,0.001367,0.003636,-0.001691,0.002689,0.010969,0.00404,0.0,0.02,0.02,REJECT,STATISTICAL_GATE_REJECTION,STATISTICAL_GATE_REJECTION
xlsr_english,72,3a431ddd1490176d,7f09ef4ced098049,0.001025,0.003636,-0.003636,0.002308,0.010969,0.0,0.0,0.02,0.02,REJECT,STATISTICAL_GATE_REJECTION,STATISTICAL_GATE_REJECTION
xlsr_english,73,0f66ba9823f9293c,7f09ef4ced098049,0.000342,0.001946,0.001946,0.00097,0.005367,0.005358,0.0,0.02,0.02,REJECT,STATISTICAL_GATE_REJECTION,STATISTICAL_GATE_REJECTION
xlsr_english,74,9e10dd2cf58d26c1,7f09ef4ced098049,0.001367,0.003636,-0.001691,0.002689,0.010969,0.00404,0.0,0.02,0.02,REJECT,STATISTICAL_GATE_REJECTION,STATISTICAL_GATE_REJECTION
xlsr_english,75,0ecfd12fc14733f1,7f09ef4ced098049,0.001025,0.003636,-0.003636,0.002308,0.010969,0.0,0.0,0.02,0.02,REJECT,STATISTICAL_GATE_REJECTION,STATISTICAL_GATE_REJECTION
xlsr_english,76,c65c4cdfb863cfce,7f09ef4ced098049,0.0,0.002268,0.0,0.000686,0.005917,0.0,0.0,0.02,0.02,REJECT,STATISTICAL_GATE_REJECTION,STATISTICAL_GATE_REJECTION
xlsr_english,77,bf1d88192ae75c2e,7f09ef4ced098049,0.001025,0.003636,-0.003636,0.002965,0.011215,0.007859,0.0,0.02,0.02,REJECT,STATISTICAL_GATE_REJECTION,STATISTICAL_GATE_REJECTION
xlsr_english,78,20bd33f5dba2de21,7f09ef4ced098049,0.000683,0.002268,0.001946,0.001367,0.006085,0.004494,0.0,0.02,0.02,REJECT,STATISTICAL_GATE_REJECTION,STATISTICAL_GATE_REJECTION
xlsr_english,79,d6f15e521823a883,7f09ef4ced098049,0.001025,0.003636,-0.001691,0.002175,0.010969,0.004132,0.0,0.02,0.02,REJECT,STATISTICAL_GATE_REJECTION,STATISTICAL_GATE_REJECTION
xlsr_english,80,868faaec6ef0db30,7f09ef4ced098049,0.001367,0.003636,-0.001691,0.002689,0.010969,0.00404,0.0,0.02,0.02,REJECT,STATISTICAL_GATE_REJECTION,STATISTICAL_GATE_REJECTION
xlsr_english,81,718c3bae09a3c91e,7f09ef4ced098049,0.001025,0.003636,-0.003636,0.002426,0.010969,0.003817,0.0,0.02,0.02,REJECT,STATISTICAL_GATE_REJECTION,STATISTICAL_GATE_REJECTION
xlsr_english,82,a07eb7ec0fd96e51,7f09ef4ced098049,0.000342,0.003636,-0.005582,0.001776,0.010969,0.003929,0.0,0.02,0.02,REJECT,STATISTICAL_GATE_REJECTION,STATISTICAL_GATE_REJECTION
xlsr_english,83,76ab2ccd49febecd,7f09ef4ced098049,0.001367,0.003636,-0.001691,0.002689,0.010969,0.00404,0.0,0.02,0.02,REJECT,STATISTICAL_GATE_REJECTION,STATISTICAL_GATE_REJECTION
xlsr_english,84,0bc21dd31e6df9b0,7f09ef4ced098049,0.000342,0.001946,0.001946,0.00097,0.005367,0.005358,0.0,0.02,0.02,REJECT,STATISTICAL_GATE_REJECTION,STATISTICAL_GATE_REJECTION
xlsr_english,85,1be00cb55183cacf,7f09ef4ced098049,0.000683,0.003636,-0.003636,0.002047,0.010969,0.003817,0.0,0.02,0.02,REJECT,STATISTICAL_GATE_REJECTION,STATISTICAL_GATE_REJECTION
xlsr_english,86,529d5357b26a8be4,7f09ef4ced098049,0.000342,0.003636,-0.007527,0.002027,0.010969,0.0,0.0,0.02,0.02,REJECT,STATISTICAL_GATE_REJECTION,STATISTICAL_GATE_REJECTION
xlsr_english,87,53b29ee8cc6bfaaa,7f09ef4ced098049,0.001367,0.003636,-0.001691,0.002689,0.010969,0.00404,0.0,0.02,0.02,REJECT,STATISTICAL_GATE_REJECTION,STATISTICAL_GATE_REJECTION
xlsr_english,88,ca9078a7ed878e54,7f09ef4ced098049,-0.000683,0.0,-0.001946,0.000668,0.004255,0.004255,0.0,0.02,0.02,REJECT,STATISTICAL_GATE_REJECTION,STATISTICAL_GATE_REJECTION
xlsr_english,89,911e14459f7b1b39,7f09ef4ced098049,0.001367,0.003891,0.000255,0.00278,0.011301,0.008267,0.0,0.02,0.02,REJECT,STATISTICAL_GATE_REJECTION,STATISTICAL_GATE_REJECTION
xlsr_english,90,d206bfa30534ac4c,7f09ef4ced098049,0.000683,0.003891,0.003891,0.00194,0.010733,0.010715,0.0,0.02,0.02,REJECT,STATISTICAL_GATE_REJECTION,STATISTICAL_GATE_REJECTION
xlsr_english,91,c82293094c82c051,7f09ef4ced098049,0.001025,0.003636,-0.003636,0.002965,0.011215,0.007859,0.0,0.02,0.02,REJECT,STATISTICAL_GATE_REJECTION,STATISTICAL_GATE_REJECTION
xlsr_english,92,b2af4ecca4d62c2d,7f09ef4ced098049,0.001708,0.003891,0.000255,0.003196,0.011301,0.008247,0.0,0.02,0.02,REJECT,STATISTICAL_GATE_REJECTION,STATISTICAL_GATE_REJECTION
xlsr_english,93,17a72f69d661820d,7f09ef4ced098049,0.001025,0.003636,-0.001691,0.002175,0.010969,0.004132,0.0,0.02,0.02,REJECT,STATISTICAL_GATE_REJECTION,STATISTICAL_GATE_REJECTION
xlsr_english,94,f2fffca7ebf43be0,7f09ef4ced098049,0.001367,0.003891,0.000255,0.002688,0.010969,0.007156,0.0,0.02,0.02,REJECT,STATISTICAL_GATE_REJECTION,STATISTICAL_GATE_REJECTION
xlsr_english,95,b244afc61c41957d,7f09ef4ced098049,0.001025,0.003636,-0.001691,0.002175,0.010969,0.004132,0.0,0.02,0.02,REJECT,STATISTICAL_GATE_REJECTION,STATISTICAL_GATE_REJECTION
xlsr_english,96,8e938639a90921e7,7f09ef4ced098049,0.001367,0.003636,-0.001691,0.002689,0.010969,0.00404,0.0,0.02,0.02,REJECT,STATISTICAL_GATE_REJECTION,STATISTICAL_GATE_REJECTION
xlsr_english,97,e5b13f1efc5bb046,7f09ef4ced098049,0.000683,0.003636,-0.005582,0.002397,0.010969,0.003846,0.0,0.02,0.02,REJECT,STATISTICAL_GATE_REJECTION,STATISTICAL_GATE_REJECTION
xlsr_english,98,02070db65f9249f7,7f09ef4ced098049,0.000683,0.003636,-0.005582,0.002397,0.010969,0.003846,0.0,0.02,0.02,REJECT,STATISTICAL_GATE_REJECTION,STATISTICAL_GATE_REJECTION
xlsr_english,99,4a8adccaa361179d,7f09ef4ced098049,0.000683,0.003636,-0.001691,0.002024,0.010969,0.004132,0.0,0.02,0.02,REJECT,STATISTICAL_GATE_REJECTION,STATISTICAL_GATE_REJECTION
xlsr_english,100,cb5c8fe2d52a2b17,7f09ef4ced098049,0.001025,0.003636,-0.001691,0.002175,0.010969,0.004132,0.0,0.02,0.02,REJECT,STATISTICAL_GATE_REJECTION,STATISTICAL_GATE_REJECTION
xlsr_english,101,c574d7c1642dc974,7f09ef4ced098049,0.000683,0.003636,-0.003636,0.002047,0.010969,0.003817,0.0,0.02,0.02,REJECT,STATISTICAL_GATE_REJECTION,STATISTICAL_GATE_REJECTION
xlsr_english,102,c1f3fbea31771854,7f09ef4ced098049,0.001025,0.003636,-0.003636,0.002426,0.010969,0.003817,0.0,0.02,0.02,REJECT,STATISTICAL_GATE_REJECTION,STATISTICAL_GATE_REJECTION
xlsr_english,103,212963f9a3ad324a,7f09ef4ced098049,0.001025,0.003636,-0.001691,0.002175,0.010969,0.004132,0.0,0.02,0.02,REJECT,STATISTICAL_GATE_REJECTION,STATISTICAL_GATE_REJECTION
xlsr_english,104,f9dab9f7b45d790f,7f09ef4ced098049,0.001025,0.003636,-0.001691,0.002175,0.010969,0.004132,0.0,0.02,0.02,REJECT,STATISTICAL_GATE_REJECTION,STATISTICAL_GATE_REJECTION
xlsr_english,105,e7d890fad10e2e95,7f09ef4ced098049,0.000683,0.003636,-0.001691,0.002024,0.010969,0.004132,0.0,0.02,0.02,REJECT,STATISTICAL_GATE_REJECTION,STATISTICAL_GATE_REJECTION
xlsr_english,106,4eb864c8c9e5c670,7f09ef4ced098049,0.001367,0.003891,0.000255,0.00278,0.011301,0.008267,0.0,0.02,0.02,REJECT,STATISTICAL_GATE_REJECTION,STATISTICAL_GATE_REJECTION
xlsr_english,107,19cca97d9a22efd8,7f09ef4ced098049,0.001367,0.003891,0.000255,0.003022,0.011301,0.008247,0.0,0.02,0.02,REJECT,STATISTICAL_GATE_REJECTION,STATISTICAL_GATE_REJECTION
xlsr_english,108,fec8e4970e966b48,7f09ef4ced098049,0.001025,0.003636,-0.001691,0.002401,0.010969,0.00404,0.0,0.02,0.02,REJECT,STATISTICAL_GATE_REJECTION,STATISTICAL_GATE_REJECTION
xlsr_english,109,d60794db46cbbab2,7f09ef4ced098049,0.001025,0.003636,-0.003636,0.002308,0.010969,0.0,0.0,0.02,0.02,REJECT,STATISTICAL_GATE_REJECTION,STATISTICAL_GATE_REJECTION
xlsr_english,110,b8fddc771021da08,7f09ef4ced098049,0.000683,0.003636,-0.001691,0.002024,0.010969,0.004132,0.0,0.02,0.02,REJECT,STATISTICAL_GATE_REJECTION,STATISTICAL_GATE_REJECTION
xlsr_english,111,0e6715c5667fffeb,7f09ef4ced098049,0.001025,0.003636,-0.003636,0.002308,0.010969,0.0,0.0,0.02,0.02,REJECT,STATISTICAL_GATE_REJECTION,STATISTICAL_GATE_REJECTION
xlsr_english,112,6c39bb28a66edff7,7f09ef4ced098049,0.001025,0.003636,-0.001691,0.002175,0.010969,0.004132,0.0,0.02,0.02,REJECT,STATISTICAL_GATE_REJECTION,STATISTICAL_GATE_REJECTION
xlsr_english,113,a2d75a077b2acf41,7f09ef4ced098049,0.000683,0.003636,-0.005582,0.002397,0.010969,0.003846,0.0,0.02,0.02,REJECT,STATISTICAL_GATE_REJECTION,STATISTICAL_GATE_REJECTION
xlsr_english,114,f697bf9f8f5b8041,7f09ef4ced098049,0.000683,0.003636,-0.001691,0.002024,0.010969,0.004132,0.0,0.02,0.02,REJECT,STATISTICAL_GATE_REJECTION,STATISTICAL_GATE_REJECTION
xlsr_english,115,25aed0f6c5ad6293,7f09ef4ced098049,0.001367,0.003636,-0.001691,0.002689,0.010969,0.00404,0.0,0.02,0.02,REJECT,STATISTICAL_GATE_REJECTION,STATISTICAL_GATE_REJECTION
xlsr_english,116,9c27ff40bdb848cb,7f09ef4ced098049,0.001708,0.003891,0.000255,0.003196,0.011301,0.008247,0.0,0.02,0.02,REJECT,STATISTICAL_GATE_REJECTION,STATISTICAL_GATE_REJECTION
xlsr_english,117,f688d3eb674af19a,7f09ef4ced098049,0.001367,0.003636,-0.001691,0.002689,0.010969,0.00404,0.0,0.02,0.02,REJECT,STATISTICAL_GATE_REJECTION,STATISTICAL_GATE_REJECTION
xlsr_english,118,d2fb4b7434120617,7f09ef4ced098049,0.001025,0.003636,-0.003636,0.002426,0.010969,0.003817,0.0,0.02,0.02,REJECT,STATISTICAL_GATE_REJECTION,STATISTICAL_GATE_REJECTION
xlsr_english,119,e00daffa829d2905,7f09ef4ced098049,0.001025,0.003636,-0.003636,0.002426,0.010969,0.003817,0.0,0.02,0.02,REJECT,STATISTICAL_GATE_REJECTION,STATISTICAL_GATE_REJECTION
xlsr_english,120,ac40088d173e26fb,7f09ef4ced098049,0.000342,0.001946,0.001946,0.00097,0.005367,0.005358,0.0,0.02,0.02,REJECT,STATISTICAL_GATE_REJECTION,STATISTICAL_GATE_REJECTION
xlsr_english,121,d3226e8e8fac2a3c,7f09ef4ced098049,0.001708,0.003891,0.000255,0.003196,0.011301,0.008247,0.0,0.02,0.02,REJECT,STATISTICAL_GATE_REJECTION,STATISTICAL_GATE_REJECTION
xlsr_english,122,03d3017daf7e52cc,7f09ef4ced098049,0.000342,0.001946,0.001946,0.00097,0.005367,0.005358,0.0,0.02,0.02,REJECT,STATISTICAL_GATE_REJECTION,STATISTICAL_GATE_REJECTION
xlsr_english,123,baa720e0b08a2e4f,7f09ef4ced098049,0.000683,0.003636,-0.003636,0.002021,0.010969,0.0,0.0,0.02,0.02,REJECT,STATISTICAL_GATE_REJECTION,STATISTICAL_GATE_REJECTION
xlsr_english,124,86e532d6ba713532,7f09ef4ced098049,0.000683,0.003636,-0.003636,0.002021,0.010969,0.0,0.0,0.02,0.02,REJECT,STATISTICAL_GATE_REJECTION,STATISTICAL_GATE_REJECTION
xlsr_english,125,f4e9bb6ade4a66c3,7f09ef4ced098049,0.0,0.001946,0.001946,0.000688,0.005367,0.005358,0.0,0.02,0.02,REJECT,STATISTICAL_GATE_REJECTION,STATISTICAL_GATE_REJECTION
xlsr_english,126,a77b8cc5181bcafd,7f09ef4ced098049,0.000683,0.002268,0.001946,0.001367,0.006085,0.004494,0.0,0.02,0.02,REJECT,STATISTICAL_GATE_REJECTION,STATISTICAL_GATE_REJECTION
xlsr_english,127,ea2b050b12f6c41e,7f09ef4ced098049,0.001367,0.003891,0.000255,0.00278,0.011301,0.008267,0.0,0.02,0.02,REJECT,STATISTICAL_GATE_REJECTION,STATISTICAL_GATE_REJECTION
xlsr_english,128,6516cf3eb676d643,7f09ef4ced098049,0.001367,0.003636,-0.001691,0.002689,0.010969,0.00404,0.0,0.02,0.02,REJECT,STATISTICAL_GATE_REJECTION,STATISTICAL_GATE_REJECTION
xlsr_english,129,29cb5a4d54bd4946,7f09ef4ced098049,0.001025,0.003636,-0.001691,0.002175,0.010969,0.004132,0.0,0.02,0.02,REJECT,STATISTICAL_GATE_REJECTION,STATISTICAL_GATE_REJECTION
xlsr_english,130,b69ea79f2160bde2,7f09ef4ced098049,0.001367,0.003636,-0.001691,0.002689,0.010969,0.00404,0.0,0.02,0.02,REJECT,STATISTICAL_GATE_REJECTION,STATISTICAL_GATE_REJECTION
xlsr_english,131,02ed1f098b4bb384,7f09ef4ced098049,0.001367,0.003636,-0.001691,0.002689,0.010969,0.00404,0.0,0.02,0.02,REJECT,STATISTICAL_GATE_REJECTION,STATISTICAL_GATE_REJECTION
xlsr_english,132,6ff78026baff5a57,7f09ef4ced098049,0.000342,0.003636,-0.003636,0.002126,0.011215,0.008081,0.0,0.02,0.02,REJECT,STATISTICAL_GATE_REJECTION,STATISTICAL_GATE_REJECTION
xlsr_english,133,47f10a5fa1a2df58,7f09ef4ced098049,0.000683,0.003891,0.003891,0.00194,0.010733,0.010715,0.0,0.02,0.02,REJECT,STATISTICAL_GATE_REJECTION,STATISTICAL_GATE_REJECTION
xlsr_english,134,d9821d8d824ed188,7f09ef4ced098049,0.001708,0.005837,0.0022,0.00316,0.011538,0.010949,0.0,0.02,0.02,REJECT,STATISTICAL_GATE_REJECTION,STATISTICAL_GATE_REJECTION
xlsr_english,135,caa059c5665d36df,7f09ef4ced098049,0.001367,0.003891,0.000255,0.00278,0.011301,0.008267,0.0,0.02,0.02,REJECT,STATISTICAL_GATE_REJECTION,STATISTICAL_GATE_REJECTION
xlsr_english,136,ef681e91fa2566ec,7f09ef4ced098049,0.000683,0.003636,-0.001691,0.002024,0.010969,0.004132,0.0,0.02,0.02,REJECT,STATISTICAL_GATE_REJECTION,STATISTICAL_GATE_REJECTION
xlsr_english,137,68d453d16455159e,7f09ef4ced098049,0.001367,0.003636,-0.001691,0.002689,0.010969,0.00404,0.0,0.02,0.02,REJECT,STATISTICAL_GATE_REJECTION,STATISTICAL_GATE_REJECTION
xlsr_english,138,32aa06a5e5ed5ffb,7f09ef4ced098049,0.000683,0.002268,0.001946,0.001367,0.006085,0.004494,0.0,0.02,0.02,REJECT,STATISTICAL_GATE_REJECTION,STATISTICAL_GATE_REJECTION
xlsr_english,139,b3913744771f64d3,7f09ef4ced098049,0.001025,0.003636,-0.001691,0.002175,0.010969,0.004132,0.0,0.02,0.02,REJECT,STATISTICAL_GATE_REJECTION,STATISTICAL_GATE_REJECTION
xlsr_english,140,21eeb815498148fb,7f09ef4ced098049,0.000683,0.002268,0.001946,0.001367,0.006085,0.004494,0.0,0.02,0.02,REJECT,STATISTICAL_GATE_REJECTION,STATISTICAL_GATE_REJECTION
xlsr_english,141,a8cd40e078a1129d,7f09ef4ced098049,0.001025,0.003636,-0.001691,0.002401,0.010969,0.00404,0.0,0.02,0.02,REJECT,STATISTICAL_GATE_REJECTION,STATISTICAL_GATE_REJECTION
xlsr_english,142,e9cb5b0f8aa81c5c,7f09ef4ced098049,0.000342,0.003636,-0.005582,0.001725,0.010969,0.0,0.0,0.02,0.02,REJECT,STATISTICAL_GATE_REJECTION,STATISTICAL_GATE_REJECTION
xlsr_english,143,576ae7a0f2a8a1a1,7f09ef4ced098049,0.001708,0.003891,0.000255,0.003196,0.011301,0.008247,0.0,0.02,0.02,REJECT,STATISTICAL_GATE_REJECTION,STATISTICAL_GATE_REJECTION
xlsr_english,144,0e2d702e7354e2ea,7f09ef4ced098049,0.001367,0.003636,-0.001691,0.002689,0.010969,0.00404,0.0,0.02,0.02,REJECT,STATISTICAL_GATE_REJECTION,STATISTICAL_GATE_REJECTION
xlsr_english,145,e1af4b1f4dab712e,7f09ef4ced098049,0.001025,0.003636,-0.001691,0.002175,0.010969,0.004132,0.0,0.02,0.02,REJECT,STATISTICAL_GATE_REJECTION,STATISTICAL_GATE_REJECTION
xlsr_english,146,e677ce3966ff2481,7f09ef4ced098049,0.001367,0.003636,-0.001691,0.002689,0.010969,0.00404,0.0,0.02,0.02,REJECT,STATISTICAL_GATE_REJECTION,STATISTICAL_GATE_REJECTION
xlsr_english,147,17cbbc181ac820cf,7f09ef4ced098049,0.001367,0.003636,-0.001691,0.002689,0.010969,0.00404,0.0,0.02,0.02,REJECT,STATISTICAL_GATE_REJECTION,STATISTICAL_GATE_REJECTION
xlsr_english,148,f2bc303793eadd82,7f09ef4ced098049,0.001708,0.003891,0.000255,0.003196,0.011301,0.008247,0.0,0.02,0.02,REJECT,STATISTICAL_GATE_REJECTION,STATISTICAL_GATE_REJECTION
xlsr_english,149,85ce554748568c26,7f09ef4ced098049,0.000342,0.003636,-0.005582,0.002063,0.010969,0.003846,0.0,0.02,0.02,REJECT,STATISTICAL_GATE_REJECTION,STATISTICAL_GATE_REJECTION
xlsr_english,150,c6ff332bd7bea89a,7f09ef4ced098049,0.001367,0.003636,-0.001691,0.002689,0.010969,0.00404,0.0,0.02,0.02,REJECT,STATISTICAL_GATE_REJECTION,STATISTICAL_GATE_REJECTION
xlsr_english,151,4d1720ac81d6bff1,7f09ef4ced098049,0.000342,0.002268,0.0,0.000984,0.005917,0.0,0.0,0.02,0.02,REJECT,STATISTICAL_GATE_REJECTION,STATISTICAL_GATE_REJECTION
xlsr_english,152,424b3adafe072438,7f09ef4ced098049,0.0,0.002268,-0.001946,0.001088,0.006085,0.004132,0.0,0.02,0.02,REJECT,STATISTICAL_GATE_REJECTION,STATISTICAL_GATE_REJECTION
xlsr_english,153,b028d43988113833,7f09ef4ced098049,0.001025,0.003636,-0.001691,0.002175,0.010969,0.004132,0.0,0.02,0.02,REJECT,STATISTICAL_GATE_REJECTION,STATISTICAL_GATE_REJECTION
xlsr_english,154,6c1b8ca27a357a44,7f09ef4ced098049,0.000342,0.002268,0.0,0.000984,0.005917,0.0,0.0,0.02,0.02,REJECT,STATISTICAL_GATE_REJECTION,STATISTICAL_GATE_REJECTION
xlsr_english,155,7c2e2b125e175a58,7f09ef4ced098049,0.00205,0.005837,0.0022,0.003672,0.011538,0.01066,0.0,0.02,0.02,REJECT,STATISTICAL_GATE_REJECTION,STATISTICAL_GATE_REJECTION
xlsr_english,156,11d27fc03009d976,7f09ef4ced098049,0.001367,0.003636,-0.001691,0.002689,0.010969,0.00404,0.0,0.02,0.02,REJECT,STATISTICAL_GATE_REJECTION,STATISTICAL_GATE_REJECTION
xlsr_english,157,f086483d366c4a2d,7f09ef4ced098049,0.001708,0.003891,0.000255,0.003196,0.011301,0.008247,0.0,0.02,0.02,REJECT,STATISTICAL_GATE_REJECTION,STATISTICAL_GATE_REJECTION
xlsr_english,158,697f3140a127f1bd,7f09ef4ced098049,0.001025,0.003636,-0.001691,0.002175,0.010969,0.004132,0.0,0.02,0.02,REJECT,STATISTICAL_GATE_REJECTION,STATISTICAL_GATE_REJECTION
xlsr_english,159,9ffeb84076368227,7f09ef4ced098049,0.001025,0.003636,-0.001691,0.002401,0.010969,0.00404,0.0,0.02,0.02,REJECT,STATISTICAL_GATE_REJECTION,STATISTICAL_GATE_REJECTION
xlsr_english,160,a7289b178067b570,7f09ef4ced098049,0.0,0.0,0.0,0.000696,0.004124,0.004124,0.0,0.02,0.02,REJECT,STATISTICAL_GATE_REJECTION,STATISTICAL_GATE_REJECTION
xlsr_english,161,9f21513fed5869d6,7f09ef4ced098049,0.000342,0.002268,0.001946,0.001047,0.006085,0.004494,0.0,0.02,0.02,REJECT,STATISTICAL_GATE_REJECTION,STATISTICAL_GATE_REJECTION
xlsr_english,162,130c8d998baea6f9,7f09ef4ced098049,0.000683,0.003636,-0.005582,0.002397,0.010969,0.003846,0.0,0.02,0.02,REJECT,STATISTICAL_GATE_REJECTION,STATISTICAL_GATE_REJECTION
xlsr_english,163,58efcdd3b89086f2,7f09ef4ced098049,0.001025,0.003636,-0.001691,0.002175,0.010969,0.004132,0.0,0.02,0.02,REJECT,STATISTICAL_GATE_REJECTION,STATISTICAL_GATE_REJECTION
xlsr_english,164,c7077a56d6fc35eb,7f09ef4ced098049,0.001025,0.003891,0.003891,0.002095,0.010733,0.008989,0.0,0.02,0.02,REJECT,STATISTICAL_GATE_REJECTION,STATISTICAL_GATE_REJECTION
xlsr_english,165,1974971bcdc6c54d,7f09ef4ced098049,0.001708,0.003891,0.000255,0.003196,0.011301,0.008247,0.0,0.02,0.02,REJECT,STATISTICAL_GATE_REJECTION,STATISTICAL_GATE_REJECTION
xlsr_english,166,be04a9dcb4ad5196,7f09ef4ced098049,0.001708,0.003891,0.000255,0.003196,0.011301,0.008247,0.0,0.02,0.02,REJECT,STATISTICAL_GATE_REJECTION,STATISTICAL_GATE_REJECTION
xlsr_english,167,cf67281a91dd8b77,7f09ef4ced098049,0.001708,0.003891,0.000255,0.003196,0.011301,0.008247,0.0,0.02,0.02,REJECT,STATISTICAL_GATE_REJECTION,STATISTICAL_GATE_REJECTION
xlsr_english,168,06e7d9ab654ba103,7f09ef4ced098049,0.000342,0.003636,-0.007527,0.002073,0.010969,0.002049,0.0,0.02,0.02,REJECT,STATISTICAL_GATE_REJECTION,STATISTICAL_GATE_REJECTION
xlsr_english,169,de53500a8b3b8345,7f09ef4ced098049,0.0,0.001946,0.001946,0.001367,0.008989,0.008301,0.0,0.02,0.02,REJECT,STATISTICAL_GATE_REJECTION,STATISTICAL_GATE_REJECTION
xlsr_english,170,931af7c66e3225d1,7f09ef4ced098049,0.000342,0.002268,0.0,0.00203,0.008511,0.008264,0.0,0.02,0.02,REJECT,STATISTICAL_GATE_REJECTION,STATISTICAL_GATE_REJECTION
xlsr_english,171,63729b53a9187ef0,7f09ef4ced098049,0.000683,0.003636,-0.005582,0.002058,0.010969,0.0,0.0,0.02,0.02,REJECT,STATISTICAL_GATE_REJECTION,STATISTICAL_GATE_REJECTION
xlsr_english,172,a5226026102b6779,7f09ef4ced098049,0.001367,0.003636,-0.001691,0.003377,0.011472,0.009838,0.0,0.02,0.02,REJECT,STATISTICAL_GATE_REJECTION,STATISTICAL_GATE_REJECTION
xlsr_english,173,38ea4941bc98409c,7f09ef4ced098049,0.001367,0.003636,-0.001691,0.002689,0.010969,0.00404,0.0,0.02,0.02,REJECT,STATISTICAL_GATE_REJECTION,STATISTICAL_GATE_REJECTION
xlsr_english,174,f1ff0a81886eb1d4,7f09ef4ced098049,0.000683,0.003636,-0.005582,0.002397,0.010969,0.003846,0.0,0.02,0.02,REJECT,STATISTICAL_GATE_REJECTION,STATISTICAL_GATE_REJECTION
xlsr_english,175,5cf683c0de9373c1,7f09ef4ced098049,0.001025,0.003636,-0.001691,0.002175,0.010969,0.004132,0.0,0.02,0.02,REJECT,STATISTICAL_GATE_REJECTION,STATISTICAL_GATE_REJECTION
xlsr_english,176,bb5ccf353aca9c76,7f09ef4ced098049,0.001025,0.003636,-0.001691,0.002175,0.010969,0.004132,0.0,0.02,0.02,REJECT,STATISTICAL_GATE_REJECTION,STATISTICAL_GATE_REJECTION
xlsr_english,177,1c2c759334802568,7f09ef4ced098049,0.001367,0.003636,-0.001691,0.002689,0.010969,0.00404,0.0,0.02,0.02,REJECT,STATISTICAL_GATE_REJECTION,STATISTICAL_GATE_REJECTION
xlsr_english,178,4ac9177b4c77c7d8,7f09ef4ced098049,0.0,0.002268,-0.001946,0.001088,0.006085,0.004132,0.0,0.02,0.02,REJECT,STATISTICAL_GATE_REJECTION,STATISTICAL_GATE_REJECTION
xlsr_english,179,9a6620a2fc592db6,7f09ef4ced098049,0.001367,0.003891,0.000255,0.00278,0.011301,0.008267,0.0,0.02,0.02,REJECT,STATISTICAL_GATE_REJECTION,STATISTICAL_GATE_REJECTION
xlsr_english,180,02aa4ec069bd4ab8,7f09ef4ced098049,0.000683,0.003891,0.003891,0.00194,0.010733,0.010715,0.0,0.02,0.02,REJECT,STATISTICAL_GATE_REJECTION,STATISTICAL_GATE_REJECTION
xlsr_english,181,f37fbb1bbdd8eb39,7f09ef4ced098049,0.001025,0.003636,-0.003636,0.002308,0.010969,0.0,0.0,0.02,0.02,REJECT,STATISTICAL_GATE_REJECTION,STATISTICAL_GATE_REJECTION
xlsr_english,182,49b08c18cabf4beb,7f09ef4ced098049,0.000683,0.003636,-0.005582,0.002397,0.010969,0.003846,0.0,0.02,0.02,REJECT,STATISTICAL_GATE_REJECTION,STATISTICAL_GATE_REJECTION
xlsr_english,183,8c1a80555137314c,7f09ef4ced098049,0.001025,0.003636,-0.001691,0.002175,0.010969,0.004132,0.0,0.02,0.02,REJECT,STATISTICAL_GATE_REJECTION,STATISTICAL_GATE_REJECTION
xlsr_english,184,304315d873f4f6d9,7f09ef4ced098049,0.001025,0.003636,-0.001691,0.002401,0.010969,0.00404,0.0,0.02,0.02,REJECT,STATISTICAL_GATE_REJECTION,STATISTICAL_GATE_REJECTION
xlsr_english,185,06b3e26e3e524099,7f09ef4ced098049,0.001367,0.003891,0.000255,0.003022,0.011301,0.008247,0.0,0.02,0.02,REJECT,STATISTICAL_GATE_REJECTION,STATISTICAL_GATE_REJECTION
xlsr_english,186,dec9d554028ea7ff,7f09ef4ced098049,0.0,0.002268,-0.001946,0.001088,0.006085,0.004132,0.0,0.02,0.02,REJECT,STATISTICAL_GATE_REJECTION,STATISTICAL_GATE_REJECTION
xlsr_english,187,56bc981061432193,7f09ef4ced098049,0.001025,0.003636,-0.001691,0.002175,0.010969,0.004132,0.0,0.02,0.02,REJECT,STATISTICAL_GATE_REJECTION,STATISTICAL_GATE_REJECTION
xlsr_english,188,7e6cb069c64e3caf,7f09ef4ced098049,0.000683,0.002268,0.001946,0.001367,0.006085,0.004494,0.0,0.02,0.02,REJECT,STATISTICAL_GATE_REJECTION,STATISTICAL_GATE_REJECTION
xlsr_english,189,6570744815e60128,7f09ef4ced098049,0.000342,0.001946,0.001946,0.00097,0.005367,0.005358,0.0,0.02,0.02,REJECT,STATISTICAL_GATE_REJECTION,STATISTICAL_GATE_REJECTION
xlsr_english,190,8110f5b0d49e2819,7f09ef4ced098049,0.001025,0.003636,-0.001691,0.002175,0.010969,0.004132,0.0,0.02,0.02,REJECT,STATISTICAL_GATE_REJECTION,STATISTICAL_GATE_REJECTION
xlsr_english,191,c9638beda857ef70,7f09ef4ced098049,0.001367,0.003891,0.000255,0.00278,0.011301,0.008267,0.0,0.02,0.02,REJECT,STATISTICAL_GATE_REJECTION,STATISTICAL_GATE_REJECTION
xlsr_english,192,f584dd77cad3f609,7f09ef4ced098049,0.000342,0.001946,0.001946,0.001417,0.008989,0.008301,0.0,0.02,0.02,REJECT,STATISTICAL_GATE_REJECTION,STATISTICAL_GATE_REJECTION
xlsr_english,193,ab7373a8eafcd090,7f09ef4ced098049,0.000683,0.003636,-0.005582,0.002397,0.010969,0.003846,0.0,0.02,0.02,REJECT,STATISTICAL_GATE_REJECTION,STATISTICAL_GATE_REJECTION
xlsr_english,194,975f76a540fa8a6f,7f09ef4ced098049,0.000683,0.002268,0.001946,0.001367,0.006085,0.004494,0.0,0.02,0.02,REJECT,STATISTICAL_GATE_REJECTION,STATISTICAL_GATE_REJECTION
xlsr_english,195,3a24d97b1c13d609,7f09ef4ced098049,0.001025,0.003636,-0.001691,0.002175,0.010969,0.004132,0.0,0.02,0.02,REJECT,STATISTICAL_GATE_REJECTION,STATISTICAL_GATE_REJECTION
xlsr_english,196,499134c3622a154f,7f09ef4ced098049,0.000683,0.003636,-0.005582,0.002397,0.010969,0.003846,0.0,0.02,0.02,REJECT,STATISTICAL_GATE_REJECTION,STATISTICAL_GATE_REJECTION
xlsr_english,197,b8eee7f685544763,7f09ef4ced098049,0.000342,0.002268,0.0,0.00203,0.008511,0.008264,0.0,0.02,0.02,REJECT,STATISTICAL_GATE_REJECTION,STATISTICAL_GATE_REJECTION
xlsr_english,198,a27a29310e5b6b23,7f09ef4ced098049,0.001367,0.003636,-0.001691,0.002689,0.010969,0.00404,0.0,0.02,0.02,REJECT,STATISTICAL_GATE_REJECTION,STATISTICAL_GATE_REJECTION
xlsr_english,199,4d51b9a36c801d82,7f09ef4ced098049,0.001708,0.003891,0.000255,0.003196,0.011301,0.008247,0.0,0.02,0.02,REJECT,STATISTICAL_GATE_REJECTION,STATISTICAL_GATE_REJECTION
xlsr_english,200,53e02ad0d5ed4a06,7f09ef4ced098049,0.001367,0.003891,0.000255,0.00278,0.011301,0.008267,0.0,0.02,0.02,REJECT,STATISTICAL_GATE_REJECTION,STATISTICAL_GATE_REJECTION
xlsr_english,201,b1daae3121bbc47a,7f09ef4ced098049,0.001025,0.003636,-0.001691,0.002175,0.010969,0.004132,0.0,0.02,0.02,REJECT,STATISTICAL_GATE_REJECTION,STATISTICAL_GATE_REJECTION
xlsr_english,202,45f49d3ee366b763,7f09ef4ced098049,0.000683,0.003636,-0.003636,0.002703,0.011215,0.007859,0.0,0.02,0.02,REJECT,STATISTICAL_GATE_REJECTION,STATISTICAL_GATE_REJECTION
xlsr_english,203,fdb40a54e8559dbd,7f09ef4ced098049,0.000683,0.002268,0.001946,0.001367,0.006085,0.004494,0.0,0.02,0.02,REJECT,STATISTICAL_GATE_REJECTION,STATISTICAL_GATE_REJECTION
xlsr_english,204,da6a6e798cdd0cef,7f09ef4ced098049,0.001025,0.003636,-0.001691,0.002718,0.011194,0.008048,0.0,0.02,0.02,REJECT,STATISTICAL_GATE_REJECTION,STATISTICAL_GATE_REJECTION
xlsr_english,205,a5c145c9c96301ed,7f09ef4ced098049,0.001367,0.003891,0.000255,0.00278,0.011301,0.008267,0.0,0.02,0.02,REJECT,STATISTICAL_GATE_REJECTION,STATISTICAL_GATE_REJECTION
xlsr_english,206,fefc45aa807d0d31,7f09ef4ced098049,0.001025,0.003636,-0.001691,0.002718,0.011194,0.008048,0.0,0.02,0.02,REJECT,STATISTICAL_GATE_REJECTION,STATISTICAL_GATE_REJECTION
xlsr_english,207,102f4721820e9d32,7f09ef4ced098049,0.001025,0.003636,-0.001691,0.002175,0.010969,0.004132,0.0,0.02,0.02,REJECT,STATISTICAL_GATE_REJECTION,STATISTICAL_GATE_REJECTION
xlsr_english,208,97a1a9677dc756cc,7f09ef4ced098049,0.001367,0.003636,-0.001691,0.002689,0.010969,0.00404,0.0,0.02,0.02,REJECT,STATISTICAL_GATE_REJECTION,STATISTICAL_GATE_REJECTION
xlsr_english,209,0225b79efa217a75,7f09ef4ced098049,0.000342,0.001946,0.001946,0.00097,0.005367,0.005358,0.0,0.02,0.02,REJECT,STATISTICAL_GATE_REJECTION,STATISTICAL_GATE_REJECTION
xlsr_english,210,67b627aef4b0b503,7f09ef4ced098049,0.000683,0.002268,0.001946,0.001367,0.006085,0.004494,0.0,0.02,0.02,REJECT,STATISTICAL_GATE_REJECTION,STATISTICAL_GATE_REJECTION
xlsr_english,211,28b2610bc2bba5c1,7f09ef4ced098049,0.000683,0.002268,0.001946,0.001367,0.006085,0.004494,0.0,0.02,0.02,REJECT,STATISTICAL_GATE_REJECTION,STATISTICAL_GATE_REJECTION
xlsr_english,212,c08205163923a057,7f09ef4ced098049,0.000683,0.003636,-0.003636,0.002021,0.010969,0.0,0.0,0.02,0.02,REJECT,STATISTICAL_GATE_REJECTION,STATISTICAL_GATE_REJECTION
xlsr_english,213,6481a439a13f083d,7f09ef4ced098049,0.001025,0.003636,-0.001691,0.002175,0.010969,0.004132,0.0,0.02,0.02,REJECT,STATISTICAL_GATE_REJECTION,STATISTICAL_GATE_REJECTION
xlsr_english,214,a6a8ee0a112368da,7f09ef4ced098049,0.001025,0.003636,-0.003636,0.002965,0.011215,0.007859,0.0,0.02,0.02,REJECT,STATISTICAL_GATE_REJECTION,STATISTICAL_GATE_REJECTION
xlsr_english,215,a93e135bae7dbde0,7f09ef4ced098049,0.001367,0.003636,-0.001691,0.002689,0.010969,0.00404,0.0,0.02,0.02,REJECT,STATISTICAL_GATE_REJECTION,STATISTICAL_GATE_REJECTION
xlsr_english,216,6a9399ad99c75bcc,7f09ef4ced098049,0.001025,0.003636,-0.001691,0.002175,0.010969,0.004132,0.0,0.02,0.02,REJECT,STATISTICAL_GATE_REJECTION,STATISTICAL_GATE_REJECTION
xlsr_english,217,f209bf38ce2420b8,7f09ef4ced098049,0.001025,0.003636,-0.001691,0.002175,0.010969,0.004132,0.0,0.02,0.02,REJECT,STATISTICAL_GATE_REJECTION,STATISTICAL_GATE_REJECTION
xlsr_english,218,72edb1efde53345a,7f09ef4ced098049,0.000683,0.003636,-0.005582,0.002397,0.010969,0.003846,0.0,0.02,0.02,REJECT,STATISTICAL_GATE_REJECTION,STATISTICAL_GATE_REJECTION
xlsr_english,219,15643a1656755433,7f09ef4ced098049,0.001025,0.003636,-0.001691,0.002175,0.010969,0.004132,0.0,0.02,0.02,REJECT,STATISTICAL_GATE_REJECTION,STATISTICAL_GATE_REJECTION
xlsr_english,220,3078eb1bf8e17b32,7f09ef4ced098049,0.001367,0.003636,-0.001691,0.002689,0.010969,0.00404,0.0,0.02,0.02,REJECT,STATISTICAL_GATE_REJECTION,STATISTICAL_GATE_REJECTION
xlsr_english,221,00487d30de5e6d0c,7f09ef4ced098049,0.001367,0.003636,-0.001691,0.002689,0.010969,0.00404,0.0,0.02,0.02,REJECT,STATISTICAL_GATE_REJECTION,STATISTICAL_GATE_REJECTION
xlsr_english,222,2e52082aae860a7c,7f09ef4ced098049,0.001025,0.003636,-0.001691,0.002175,0.010969,0.004132,0.0,0.02,0.02,REJECT,STATISTICAL_GATE_REJECTION,STATISTICAL_GATE_REJECTION
xlsr_english,223,613884af909f42cd,7f09ef4ced098049,0.0,0.003636,-0.005582,0.001657,0.010969,0.003929,0.0,0.02,0.02,REJECT,STATISTICAL_GATE_REJECTION,STATISTICAL_GATE_REJECTION
xlsr_english,224,32c66441c4af5dc7,7f09ef4ced098049,0.001708,0.003891,0.000255,0.003196,0.011301,0.008247,0.0,0.02,0.02,REJECT,STATISTICAL_GATE_REJECTION,STATISTICAL_GATE_REJECTION
