model_name,group_id,num_speakers,num_utterances,total_reference_words,total_substitutions,total_deletions,total_insertions,corpus_wer,speaker_macro_wer,mean_cer
wav2vec2_base,Arabic,1,10,92,65,9,8,0.8913,0.8913,0.6941
wav2vec2_base,Hindi,1,10,92,74,15,1,0.9783,0.9783,0.7589
wav2vec2_base,Korean,1,10,92,61,11,4,0.8261,0.8261,0.638
wav2vec2_base,Mandarin,1,10,92,56,7,8,0.7717,0.7717,0.6223
wav2vec2_base,Spanish,1,10,92,63,11,5,0.8587,0.8587,0.691
wav2vec2_base,Vietnamese,1,10,92,61,7,6,0.8043,0.8043,0.6493
whisper_base,Arabic,1,10,92,62,11,12,0.9239,0.9239,0.726
whisper_base,Hindi,1,10,92,73,4,13,0.9783,0.9783,0.7333
whisper_base,Korean,1,10,92,63,10,8,0.8804,0.8804,0.6963
whisper_base,Mandarin,1,10,92,58,5,11,0.8043,0.8043,0.6389
whisper_base,Spanish,1,10,92,63,12,10,0.9239,0.9239,0.7215
whisper_base,Vietnamese,1,10,92,61,9,14,0.913,0.913,0.7038
data2vec_base,Arabic,1,10,92,60,11,3,0.8043,0.8043,0.6585
data2vec_base,Hindi,1,10,92,68,13,3,0.913,0.913,0.7133
data2vec_base,Korean,1,10,92,60,9,8,0.837,0.837,0.6271
data2vec_base,Mandarin,1,10,92,54,7,10,0.7717,0.7717,0.6377
data2vec_base,Spanish,1,10,92,60,13,3,0.8261,0.8261,0.6728
data2vec_base,Vietnamese,1,10,92,65,8,9,0.8913,0.8913,0.6756
distil_whisper_small,Arabic,1,10,92,61,4,15,0.8696,0.8696,0.6793
distil_whisper_small,Hindi,1,10,92,68,6,14,0.9565,0.9565,0.7592
distil_whisper_small,Korean,1,10,92,57,8,8,0.7935,0.7935,0.6537
distil_whisper_small,Mandarin,1,10,92,56,5,9,0.7609,0.7609,0.6383
distil_whisper_small,Spanish,1,10,92,54,7,7,0.7391,0.7391,0.6541
distil_whisper_small,Vietnamese,1,10,92,56,6,9,0.7717,0.7717,0.6368
whisper_tiny,Arabic,1,10,92,62,12,7,0.8804,0.8804,0.7066
whisper_tiny,Hindi,1,10,92,76,5,10,0.9891,0.9891,0.7628
whisper_tiny,Korean,1,10,92,58,17,48,1.337,1.337,1.013
whisper_tiny,Mandarin,1,10,92,60,8,11,0.8587,0.8587,0.6996
whisper_tiny,Spanish,1,10,92,60,14,5,0.8587,0.8587,0.7242
whisper_tiny,Vietnamese,1,10,92,58,10,11,0.8587,0.8587,0.7187
wav2vec2_100h,Arabic,1,10,92,72,5,7,0.913,0.913,0.6569
wav2vec2_100h,Hindi,1,10,92,70,19,2,0.9891,0.9891,0.745
wav2vec2_100h,Korean,1,10,92,61,11,7,0.8587,0.8587,0.6734
wav2vec2_100h,Mandarin,1,10,92,57,6,8,0.7717,0.7717,0.6231
wav2vec2_100h,Spanish,1,10,92,65,8,7,0.8696,0.8696,0.659
wav2vec2_100h,Vietnamese,1,10,92,65,8,8,0.8804,0.8804,0.6511
