parameter,value,dimension_or_type,preregistration_status,notes
ctc_models,3,integer,FROZEN,"wav2vec2_base, data2vec_base, wav2vec2_100h"
adaptation_methods,4,integer,FROZEN,"no_adapt, suta, dsuta, dmsuta"
stream_arrival_orders,3,integer,FROZEN,"ORDER_A, ORDER_B, ORDER_C"
acoustic_conditions,5,integer,FROZEN,"clean, noise_15db, noise_5db, babble_15db, reverb_t60_04"
distinct_settings,180,integer,FROZEN,"180 nominal full-factorial settings (3 models x 4 methods x 3 orders x 5 conditions)"
nominal_settings_count,180,integer,FROZEN,"180 nominal factorial combinations"
canonical_glmm_settings,150,integer,FROZEN,"150 canonical GLMM settings (15 No-Adapt ORDER_A + 135 active adapting across ORDER_A/B/C)"
accent_groups,6,integer,FROZEN,"Arabic, Hindi, Spanish, Mandarin, Vietnamese, Korean"
speakers_per_group,2,integer,FROZEN,"2 speakers per accent group"
total_speakers,12,integer,FROZEN,"12 unique speaker clusters"
utterances_per_stream,120,integer,FROZEN,"10 utterances per speaker"
window_size_K,4,integer,FROZEN,"4 utterances per adaptation window"
prediction_windows,30,integer,FROZEN,"ceil(120 / 4) = 30 prediction windows per stream"
adaptation_updates_per_stream,29,integer,FROZEN,"Windows 0..28 adapt; terminal window 29 evaluates only without downstream update"
chosen_analysis_grain,UTTERANCE_LEVEL,string,FROZEN,"Approach A: Utterance-level observation unit"
expected_record_count,18000,integer,FROZEN,"18,000 canonical records (150 settings x 120 utterances)"
canonical_record_count,18000,integer,FROZEN,"150 canonical settings x 120 utterances = 18,000 canonical rows"
duplicated_sensitivity_record_count,21600,integer,FROZEN,"180 nominal settings x 120 utterances = 21,600 rows (used only for sensitivity comparison)"
response_variable,E,count,FROZEN,"Edit distance E = S + D + I"
offset_variable,log(N_i),log_word_count,FROZEN,"log reference word count per utterance (unaggregated)"
fixed_effect_parameters,34,integer,FROZEN,"Constrained canonical GLMM p=34 (standalone Order omitted, No-Adapt order effect constrained to 0)"
design_matrix_rank,34,integer,FROZEN,"Full rank 34 across 150 canonical settings (and 18,000 canonical rows); condition number 48.388"
subgroup_primary_estimator,DIRECT_OBSERVED_PAIRED_TRANSCRIPTS,estimator_role,FROZEN,"Analysis A: Primary safety decision engine"
glmm_secondary_estimator,OMNIBUS_GLMM_CHARACTERIZATION,estimator_role,FROZEN,"Analysis B: Secondary average effect characterization"
primary_glmm_model,NegativeBinomial_GLMM,hierarchical_count,FROZEN,"log mu = log N_i + X beta + b_s + u_i with hierarchical random effects"
random_effects_structure,SPEAKER_AND_NESTED_UTTERANCE,variance_components,FROZEN,"b_s ~ N(0, sigma_s^2) [12 clusters], u_i ~ N(0, sigma_u^2) [120 nested utterances]"
glmm_estimation_objective,LAPLACE_MARGINAL_LIKELIHOOD,estimation_objective,FROZEN,"Laplace marginal log-likelihood integrating random effects with volume correction"
multidataset_validation,5_DATASETS_RECOVERED,validation_status,FROZEN,"Recovered phi=7.96+/-0.20 across 5 datasets and verified on 18,000 canonical rows (phi=7.889, sigma_s=0.097, sigma_u=0.087, rank=34)"
subgroup_synthetic_fixtures,TESTS_A_B_C_VERIFIED,validation_status,FROZEN,"Differential subgroup harm verified with exact analytical expectations"
formal_safety_gate,TRIPARTITE_UCB95_DECISION,controller_gate,FROZEN,"UCB95(Delta_R)<=0.00 and UCB95(max_g Delta_g)<=0.02 and UCB95(Delta_D)<=0.02"
bootstrap_procedure,STRATIFIED_PAIRED_SPEAKER_CLUSTER,resampling,FROZEN,"Stratified paired cluster resampling with B=1000"
bootstrap_multiset_support,729,integer,FROZEN,"3^6 = 729 distinct unordered bootstrap configurations"
level_1_trigger,PRIMARY_DEFAULT,convergence_criterion,FROZEN,"Hierarchical NB GLMM (b_s, u_i) with Laplace marginal approximation"
level_2_trigger,BOUNDARY_OR_NONCONVERGENCE_L1,convergence_criterion,FROZEN,"Single-intercept NB GLMM (b_s only)"
level_3_trigger,NONCONVERGENCE_L2_OR_INFINITE_PHI,convergence_criterion,FROZEN,"Poisson GLM cluster-robust sandwich (df=11, exploratory sensitivity only)"
level_4_trigger,OPTIMIZATION_COLLAPSE_L3,convergence_criterion,FROZEN,"Log-rate linear model log((E+0.5)/N_i) on speaker clusters (descriptive only)"
empirical_logit_status,REMOVED,status,FROZEN,"Empirical logit removed due to mathematical invalidity when E > N"
small_cluster_degrees_of_freedom,11,integer,FROZEN,"df = G - 1 = 11 based on 12 speaker clusters"
subgroup_estimand_scale,PERCENTAGE_POINTS,units,FROZEN,"All Delta_R, Delta_g, max_g Delta_g, Delta_D in percentage points"
seed_policy,RUN_LEVEL_ADVANCING,deterministic,FROZEN,"Unique run-level seed; RNG advances naturally; no per-window reset"
adaptation_execution_mode,MODEL_EVAL,execution_mode,FROZEN,"model.eval() with dropout inactive (p=0.0); gradients active for adapted LayerNorm"
speaker_overlap_status,EXPANDED_SAMPLE,classification,FROZEN,"12 speakers total; 6 overlap with Stage 3M; not independent validation"
safety_threshold_epsilon_R,0.00,float,FROZEN,"0.00 percentage points overall risk tolerance"
safety_threshold_epsilon_G,0.02,float,FROZEN,"+2.00 percentage points maximum group degradation"
safety_threshold_epsilon_D,0.02,float,FROZEN,"+2.00 percentage points maximum disparity increase"
safety_threshold_delta_G,0.02,float,FROZEN,"+2.00 percentage points maximum group degradation (delta_G alias)"
safety_threshold_delta_D,0.02,float,FROZEN,"+2.00 percentage points maximum disparity increase (delta_D alias)"
bootstrap_resamples_B,1000,integer,FROZEN,"1000 stratified paired cluster resamples"
significance_alpha,0.05,float,FROZEN,"Two-tailed family-wise error rate"
controller_internal_unit,FRACTIONAL_RATE_DIFFERENCE,unit_contract,FROZEN,"Unbounded finite scale; epsilon_r=0.0000, epsilon_g=0.0200, epsilon_d=0.0200; WER deltas can exceed +/-1.0 due to insertions"
reporting_display_unit,PERCENTAGE_POINTS,unit_contract,FROZEN,"Unbounded finite scale; epsilon_r=0.00 pp, epsilon_g=2.00 pp, epsilon_d=2.00 pp; WER deltas can exceed +/-100 pp"
unit_conversion_formula,"pp = fraction * 100.0; fraction = pp / 100.0",conversion_rule,FROZEN,"Exact mathematical bijection between fractional and percentage-point representations"
primary_evaluation_role,RETROSPECTIVE_OFFLINE_SCIENTIFIC_EVALUATION,evaluation_role,FROZEN,"Analysis A: Offline post-hoc evaluation of completed streams using reference transcripts"
operational_gate_role,ONLINE_CANDIDATE_ACCEPTANCE_VIA_SENTINEL_PANEL,evaluation_role,FROZEN,"DSG Controller: Online state updates decided using disjoint Sentinel Panel (N=30)"
no_adapt_stream_duplication,CANONICAL_BASELINE_OPTION_A,statistical_structure,FROZEN,"Option A: 18,000 unique records (1,800 canonical No-Adapt + 16,200 adapting); 21,600 serves as sensitivity comparison"
glmm_model_condition_interaction,OMITTED_PARSIMONY_CONSTRAINT,statistical_scope,FROZEN,"Model x Condition omitted to preserve parsimony on N=12 speakers; GLMM restricted to omnibus effects"
glmm_hessian_type,OBSERVED_NEGATIVE_CURVATURE,hessian_formulation,FROZEN,"w_obs = mu*(1+y/phi)/(1+mu/phi)^2 verified against numerical finite differences"
glmm_laplace_constant,EXACT_CANCELING_GAUSSIAN_PRIOR_CONSTANT,likelihood_formulation,FROZEN,"Prior constant (2pi)^(-K/2) exactly cancels Laplace integral (2pi)^(K/2)"


