experiment_id,stream_id,ordering_id,window_id,utterance_id,speaker_id,group_id,device_id,snr_db,speech_rate_wpm,reference_raw,reference_normalized,hypothesis_raw,hypothesis_normalized,substitutions,deletions,insertions,hits,reference_length,hypothesis_length,wer,cer,theta_version,inference_time_seconds
pilot_dsuta_wav2vec2,stream_order_a_k4_s42,ORDER_A,0,YBAA_arctic_a0001,YBAA,Arabic,studio_condenser_mic,23.51,131.9,"Author of the danger trail, Philip Steels, etc.",AUTHOR OF THE DANGER TRAIL PHILIP STEELS ETC,AUTHOR OF THE AIN'T YOUR CAL COSI SARAH,AUTHOR OF THE AIN T YOUR CAL COSI SARAH,5,0,1,3,8,9,0.75,0.5676,e28c2c6b1c568146,0.2164
pilot_dsuta_wav2vec2,stream_order_a_k4_s42,ORDER_A,0,YBAA_arctic_a0002,YBAA,Arabic,studio_condenser_mic,23.18,136.4,"Not at this particular moment, he wished for a moment.",NOT AT THIS PARTICULAR MOMENT HE WISHED FOR A MOMENT,NOT AT THIS PARTICULAR CASE TOM A HAS BEFORE,NOT AT THIS PARTICULAR CASE TOM A HAS BEFORE,5,1,0,4,10,9,0.6,0.3953,e28c2c6b1c568146,0.2164
pilot_dsuta_wav2vec2,stream_order_a_k4_s42,ORDER_A,0,PRK_arctic_a0001,PRK,Hindi,studio_condenser_mic,22.58,131.9,"Author of the danger trail, Philip Steels, etc.",AUTHOR OF THE DANGER TRAIL PHILIP STEELS ETC,AUTHOR OF THE DANGER TRAIL POST YIELS ET CETERA,AUTHOR OF THE DANGER TRAIL POST YIELS ET CETERA,3,0,1,5,8,9,0.5,0.3243,e28c2c6b1c568146,0.2164
pilot_dsuta_wav2vec2,stream_order_a_k4_s42,ORDER_A,0,PRK_arctic_a0002,PRK,Hindi,studio_condenser_mic,22.13,136.4,"Not at this particular moment, he wished for a moment.",NOT AT THIS PARTICULAR MOMENT HE WISHED FOR A MOMENT,NOT AT THIS PARTICULAR HASE TAM OALL THAK TENOR,NOT AT THIS PARTICULAR HASE TAM OALL THAK TENOR,5,1,0,4,10,9,0.6,0.4651,e28c2c6b1c568146,0.2164
pilot_dsuta_wav2vec2,stream_order_a_k4_s42,ORDER_A,1,ERMS_arctic_a0001,ERMS,Korean,studio_condenser_mic,22.89,131.9,"Author of the danger trail, Philip Steels, etc.",AUTHOR OF THE DANGER TRAIL PHILIP STEELS ETC,AFFOR OF DANGER TRAIL FOS YELS ET CETERA,AFFOR OF DANGER TRAIL FOS YELS ET CETERA,4,1,1,3,8,8,0.75,0.4865,a8833b01a20046fe,0.2629
pilot_dsuta_wav2vec2,stream_order_a_k4_s42,ORDER_A,1,ERMS_arctic_a0002,ERMS,Korean,studio_condenser_mic,23.01,136.4,"Not at this particular moment, he wished for a moment.",NOT AT THIS PARTICULAR MOMENT HE WISHED FOR A MOMENT,NOT AT THIS PETE OE HASTE TOM OF HOLIDAZER IT MARK,NOT AT THIS PETE OE HASTE TOM OF HOLIDAZER IT MARK,7,0,1,3,10,11,0.8,0.6279,a8833b01a20046fe,0.2629
pilot_dsuta_wav2vec2,stream_order_a_k4_s42,ORDER_A,1,LDC_arctic_a0001,LDC,Mandarin,studio_condenser_mic,22.8,131.9,"Author of the danger trail, Philip Steels, etc.",AUTHOR OF THE DANGER TRAIL PHILIP STEELS ETC,AUCER OF THE ENGIS RAIL FOS YAILS ET CETERA,AUCER OF THE ENGIS RAIL FOS YAILS ET CETERA,6,0,1,2,8,9,0.875,0.5405,a8833b01a20046fe,0.2629
pilot_dsuta_wav2vec2,stream_order_a_k4_s42,ORDER_A,1,LDC_arctic_a0002,LDC,Mandarin,studio_condenser_mic,22.34,136.4,"Not at this particular moment, he wished for a moment.",NOT AT THIS PARTICULAR MOMENT HE WISHED FOR A MOMENT,NOT THIS MISAR CASE TONG ON AS YIT WERE,NOT THIS MISAR CASE TONG ON AS YIT WERE,7,1,0,2,10,9,0.8,0.6977,a8833b01a20046fe,0.2629
pilot_dsuta_wav2vec2,stream_order_a_k4_s42,ORDER_A,2,NJS_arctic_a0001,NJS,Spanish,studio_condenser_mic,21.72,131.9,"Author of the danger trail, Philip Steels, etc.",AUTHOR OF THE DANGER TRAIL PHILIP STEELS ETC,AUTHOR OF TINGEGEL ROSIELS ET CETERA,AUTHOR OF TINGEGEL ROSIELS ET CETERA,4,2,0,2,8,6,0.75,0.5676,3253d670fb72b1b5,0.2114
pilot_dsuta_wav2vec2,stream_order_a_k4_s42,ORDER_A,2,NJS_arctic_a0002,NJS,Spanish,studio_condenser_mic,22.27,136.4,"Not at this particular moment, he wished for a moment.",NOT AT THIS PARTICULAR MOMENT HE WISHED FOR A MOMENT,NOT IN THIS VISIA HASTE TONGE UPOT AS WIT WERE,NOT IN THIS VISIA HASTE TONGE UPOT AS WIT WERE,8,0,0,2,10,10,0.8,0.6977,3253d670fb72b1b5,0.2114
pilot_dsuta_wav2vec2,stream_order_a_k4_s42,ORDER_A,2,DTW_arctic_a0001,DTW,Vietnamese,studio_condenser_mic,23.2,131.9,"Author of the danger trail, Philip Steels, etc.",AUTHOR OF THE DANGER TRAIL PHILIP STEELS ETC,ATHOR THEAGORCAL FULL OF SEAL SAID SARA,ATHOR THEAGORCAL FULL OF SEAL SAID SARA,7,1,0,0,8,7,1.0,0.6216,3253d670fb72b1b5,0.2114
pilot_dsuta_wav2vec2,stream_order_a_k4_s42,ORDER_A,2,DTW_arctic_a0002,DTW,Vietnamese,studio_condenser_mic,23.21,136.4,"Not at this particular moment, he wished for a moment.",NOT AT THIS PARTICULAR MOMENT HE WISHED FOR A MOMENT,NOT HIS PARTICULAR CASTE TOM AW AS RE MORE,NOT HIS PARTICULAR CASTE TOM AW AS RE MORE,7,1,0,2,10,9,0.8,0.4884,3253d670fb72b1b5,0.2114
