utterance_id,speaker_id,group_id,group_type,audio_filepath,audio_sha256,duration_seconds,snr_db,speech_rate_wpm,device_id,reference_raw,reference_normalized,reference_word_count,partition,source_dataset,acoustic_condition
ABA_arctic_a0001,ABA,Arabic,native_language,datasets/corrupted/noise_severe/ABA_ABA_arctic_a0001_noise_severe.wav,b68d5a908b59339d0534dcc757b2079d7de6ffd487c182edb089aca2b5d31608,3.64,23.57,131.9,studio_condenser_mic,"Author of the danger trail, Philip Steels, etc.",AUTHOR OF THE DANGER TRAIL PHILIP STEELS ETC,8,stage4_characterization,L2-ARCTIC,noise_severe
ABA_arctic_a0002,ABA,Arabic,native_language,datasets/corrupted/noise_severe/ABA_ABA_arctic_a0002_noise_severe.wav,cdccf5fb793303c5976fc3e5064650b8b53807cc0965e671c4e3136c288d2685,4.4,22.96,136.4,studio_condenser_mic,"Not at this particular moment, he wished for a moment.",NOT AT THIS PARTICULAR MOMENT HE WISHED FOR A MOMENT,10,stage4_characterization,L2-ARCTIC,noise_severe
ABA_arctic_a0003,ABA,Arabic,native_language,datasets/corrupted/noise_severe/ABA_ABA_arctic_a0003_noise_severe.wav,fe4e290bdb2387eb9ecc5611bb25b050f2ba57d6e606142bde2da07b81d88beb,4.78,22.95,138.1,studio_condenser_mic,For the twentieth time that evening the two men shook hands.,FOR THE TWENTIETH TIME THAT EVENING THE TWO MEN SHOOK HANDS,11,stage4_characterization,L2-ARCTIC,noise_severe
ABA_arctic_a0004,ABA,Arabic,native_language,datasets/corrupted/noise_severe/ABA_ABA_arctic_a0004_noise_severe.wav,3b7aebc3e647ed7816e7f7c87e45b80e134ba8c80a02483b0ff2165183101898,4.4,23.15,136.4,studio_condenser_mic,"Lord, but I am glad to see you again, Phil.",LORD BUT I AM GLAD TO SEE YOU AGAIN PHIL,10,stage4_characterization,L2-ARCTIC,noise_severe
ABA_arctic_a0005,ABA,Arabic,native_language,datasets/corrupted/noise_severe/ABA_ABA_arctic_a0005_noise_severe.wav,13abdf4125ec6d64669bbb0f282869de3c31b8ddcf03fed33e640fcd8799b5ee,3.64,23.25,131.9,studio_condenser_mic,The small birds rejoiced in the bright sunshine.,THE SMALL BIRDS REJOICED IN THE BRIGHT SUNSHINE,8,stage4_characterization,L2-ARCTIC,noise_severe
ABA_arctic_a0006,ABA,Arabic,native_language,datasets/corrupted/noise_severe/ABA_ABA_arctic_a0006_noise_severe.wav,3d44f91417ad0e4e5232df89cb362600033de6c88ee1c31d4cbb2f405b950c58,4.02,23.18,134.3,studio_condenser_mic,There was no doubt that the machine worked perfectly.,THERE WAS NO DOUBT THAT THE MACHINE WORKED PERFECTLY,9,stage4_characterization,L2-ARCTIC,noise_severe
ABA_arctic_a0007,ABA,Arabic,native_language,datasets/corrupted/noise_severe/ABA_ABA_arctic_a0007_noise_severe.wav,17db28542577f3b7fef8465f35029adc7644dac1792e3d2fcaf8904fc0bba292,4.02,23.59,134.3,studio_condenser_mic,He asked me to accompany him to the harbor.,HE ASKED ME TO ACCOMPANY HIM TO THE HARBOR,9,stage4_characterization,L2-ARCTIC,noise_severe
ABA_arctic_a0008,ABA,Arabic,native_language,datasets/corrupted/noise_severe/ABA_ABA_arctic_a0008_noise_severe.wav,8455b4cb0e23bb9bcf3d4c7eb1305693195faff420955ccb99a71fe95736b5f5,4.02,22.83,134.3,studio_condenser_mic,A gentle breeze carried the scent of wild flowers.,A GENTLE BREEZE CARRIED THE SCENT OF WILD FLOWERS,9,stage4_characterization,L2-ARCTIC,noise_severe
ABA_arctic_a0009,ABA,Arabic,native_language,datasets/corrupted/noise_severe/ABA_ABA_arctic_a0009_noise_severe.wav,f651d08e3d133b0c3b8c14ebc724f6d82f12629160fb66efc7c7cf2f027e685e,4.02,22.94,134.3,studio_condenser_mic,She opened the door slowly to avoid making noise.,SHE OPENED THE DOOR SLOWLY TO AVOID MAKING NOISE,9,stage4_characterization,L2-ARCTIC,noise_severe
ABA_arctic_a0010,ABA,Arabic,native_language,datasets/corrupted/noise_severe/ABA_ABA_arctic_a0010_noise_severe.wav,854fddb3237c652c7017693e91959629f7baf6253d7f4f175ea7e60e90605c9b,4.02,22.93,134.3,studio_condenser_mic,The quick brown fox jumps over the lazy dog.,THE QUICK BROWN FOX JUMPS OVER THE LAZY DOG,9,stage4_characterization,L2-ARCTIC,noise_severe
ZHAA_arctic_a0001,ZHAA,Arabic,native_language,datasets/corrupted/noise_severe/ZHAA_ZHAA_arctic_a0001_noise_severe.wav,72d1b293b9fd666674d71aed7419448ad578309a411fd25e4b0294cae7e01c02,3.64,23.71,131.9,studio_condenser_mic,"Author of the danger trail, Philip Steels, etc.",AUTHOR OF THE DANGER TRAIL PHILIP STEELS ETC,8,stage4_characterization,L2-ARCTIC,noise_severe
ZHAA_arctic_a0002,ZHAA,Arabic,native_language,datasets/corrupted/noise_severe/ZHAA_ZHAA_arctic_a0002_noise_severe.wav,85d7e3c9fde6e04abe58876249366cbce79cc4287653cc5c8150553498c6c394,4.4,23.23,136.4,studio_condenser_mic,"Not at this particular moment, he wished for a moment.",NOT AT THIS PARTICULAR MOMENT HE WISHED FOR A MOMENT,10,stage4_characterization,L2-ARCTIC,noise_severe
ZHAA_arctic_a0003,ZHAA,Arabic,native_language,datasets/corrupted/noise_severe/ZHAA_ZHAA_arctic_a0003_noise_severe.wav,0b61508aa2fd5b9dff0064b3173874b0db975c5df604e83d7cdcf35ffb96e182,4.78,23.54,138.1,studio_condenser_mic,For the twentieth time that evening the two men shook hands.,FOR THE TWENTIETH TIME THAT EVENING THE TWO MEN SHOOK HANDS,11,stage4_characterization,L2-ARCTIC,noise_severe
ZHAA_arctic_a0004,ZHAA,Arabic,native_language,datasets/corrupted/noise_severe/ZHAA_ZHAA_arctic_a0004_noise_severe.wav,f87a040bc10e8ff491344a2ecc9adff7f45e3c6ff5d73504746a46205a98d855,4.4,23.1,136.4,studio_condenser_mic,"Lord, but I am glad to see you again, Phil.",LORD BUT I AM GLAD TO SEE YOU AGAIN PHIL,10,stage4_characterization,L2-ARCTIC,noise_severe
ZHAA_arctic_a0005,ZHAA,Arabic,native_language,datasets/corrupted/noise_severe/ZHAA_ZHAA_arctic_a0005_noise_severe.wav,03b9e25c01e0f3d1f93ce0803035bd17f33d9035a7cb13bcf0163386bfb8c902,3.64,23.17,131.9,studio_condenser_mic,The small birds rejoiced in the bright sunshine.,THE SMALL BIRDS REJOICED IN THE BRIGHT SUNSHINE,8,stage4_characterization,L2-ARCTIC,noise_severe
ZHAA_arctic_a0006,ZHAA,Arabic,native_language,datasets/corrupted/noise_severe/ZHAA_ZHAA_arctic_a0006_noise_severe.wav,b11cc67bc76e5bc1634fa2fdfa192dd3fd72e099b9fcf2f3999423e25c0deba2,4.02,23.2,134.3,studio_condenser_mic,There was no doubt that the machine worked perfectly.,THERE WAS NO DOUBT THAT THE MACHINE WORKED PERFECTLY,9,stage4_characterization,L2-ARCTIC,noise_severe
ZHAA_arctic_a0007,ZHAA,Arabic,native_language,datasets/corrupted/noise_severe/ZHAA_ZHAA_arctic_a0007_noise_severe.wav,49162cfdbd75de4b9ad1985cd49eaf6b06f4c749ace941fd83722efa13ec1835,4.02,22.69,134.3,studio_condenser_mic,He asked me to accompany him to the harbor.,HE ASKED ME TO ACCOMPANY HIM TO THE HARBOR,9,stage4_characterization,L2-ARCTIC,noise_severe
ZHAA_arctic_a0008,ZHAA,Arabic,native_language,datasets/corrupted/noise_severe/ZHAA_ZHAA_arctic_a0008_noise_severe.wav,d266303cc3a27100f3c6015b54354efb2e3530e3f4d9b68303a4a98258453537,4.02,23.06,134.3,studio_condenser_mic,A gentle breeze carried the scent of wild flowers.,A GENTLE BREEZE CARRIED THE SCENT OF WILD FLOWERS,9,stage4_characterization,L2-ARCTIC,noise_severe
ZHAA_arctic_a0009,ZHAA,Arabic,native_language,datasets/corrupted/noise_severe/ZHAA_ZHAA_arctic_a0009_noise_severe.wav,3dbfc93abb969502d96631f1a09af3745d3c3dcb65276c05363303b757cb26f4,4.02,22.72,134.3,studio_condenser_mic,She opened the door slowly to avoid making noise.,SHE OPENED THE DOOR SLOWLY TO AVOID MAKING NOISE,9,stage4_characterization,L2-ARCTIC,noise_severe
ZHAA_arctic_a0010,ZHAA,Arabic,native_language,datasets/corrupted/noise_severe/ZHAA_ZHAA_arctic_a0010_noise_severe.wav,65489ceee3e5d0ef5d495b06227290cc70ef04e4eb88e3f3f69962b291e150a9,4.02,22.81,134.3,studio_condenser_mic,The quick brown fox jumps over the lazy dog.,THE QUICK BROWN FOX JUMPS OVER THE LAZY DOG,9,stage4_characterization,L2-ARCTIC,noise_severe
ASI_arctic_a0001,ASI,Hindi,native_language,datasets/corrupted/noise_severe/ASI_ASI_arctic_a0001_noise_severe.wav,6fc6d70a2ba0726b6998112815d9082d684528922312e204512643ae978727cc,3.64,22.34,131.9,studio_condenser_mic,"Author of the danger trail, Philip Steels, etc.",AUTHOR OF THE DANGER TRAIL PHILIP STEELS ETC,8,stage4_characterization,L2-ARCTIC,noise_severe
ASI_arctic_a0002,ASI,Hindi,native_language,datasets/corrupted/noise_severe/ASI_ASI_arctic_a0002_noise_severe.wav,09606843d3a3d9071ef7cc7c84af773710b34d0856990f08606e7a77d2462b87,4.4,22.17,136.4,studio_condenser_mic,"Not at this particular moment, he wished for a moment.",NOT AT THIS PARTICULAR MOMENT HE WISHED FOR A MOMENT,10,stage4_characterization,L2-ARCTIC,noise_severe
ASI_arctic_a0003,ASI,Hindi,native_language,datasets/corrupted/noise_severe/ASI_ASI_arctic_a0003_noise_severe.wav,5d0355312416d5b38c131ee58ba668bf627db5f366f02bdce3cccb91cbe1c471,4.78,22.58,138.1,studio_condenser_mic,For the twentieth time that evening the two men shook hands.,FOR THE TWENTIETH TIME THAT EVENING THE TWO MEN SHOOK HANDS,11,stage4_characterization,L2-ARCTIC,noise_severe
ASI_arctic_a0004,ASI,Hindi,native_language,datasets/corrupted/noise_severe/ASI_ASI_arctic_a0004_noise_severe.wav,2f69612a36321604bc45ff314281a201119901cdea5e456952af0fb5d4a688a5,4.4,22.6,136.4,studio_condenser_mic,"Lord, but I am glad to see you again, Phil.",LORD BUT I AM GLAD TO SEE YOU AGAIN PHIL,10,stage4_characterization,L2-ARCTIC,noise_severe
ASI_arctic_a0005,ASI,Hindi,native_language,datasets/corrupted/noise_severe/ASI_ASI_arctic_a0005_noise_severe.wav,89712f0423faa825d26e2ec6be7fafb1f51cb42f0a642316ea7caebdccd0ae50,3.64,22.54,131.9,studio_condenser_mic,The small birds rejoiced in the bright sunshine.,THE SMALL BIRDS REJOICED IN THE BRIGHT SUNSHINE,8,stage4_characterization,L2-ARCTIC,noise_severe
ASI_arctic_a0006,ASI,Hindi,native_language,datasets/corrupted/noise_severe/ASI_ASI_arctic_a0006_noise_severe.wav,ebc9c067277bb42ef0174eb6b8c6d81b32150b8b890133fc1e2faab2394e40db,4.02,22.21,134.3,studio_condenser_mic,There was no doubt that the machine worked perfectly.,THERE WAS NO DOUBT THAT THE MACHINE WORKED PERFECTLY,9,stage4_characterization,L2-ARCTIC,noise_severe
ASI_arctic_a0007,ASI,Hindi,native_language,datasets/corrupted/noise_severe/ASI_ASI_arctic_a0007_noise_severe.wav,000054a9e44779fea992d78b3de9105d6561e7d7fad1fa707c29eb59d869d11f,4.02,22.56,134.3,studio_condenser_mic,He asked me to accompany him to the harbor.,HE ASKED ME TO ACCOMPANY HIM TO THE HARBOR,9,stage4_characterization,L2-ARCTIC,noise_severe
ASI_arctic_a0008,ASI,Hindi,native_language,datasets/corrupted/noise_severe/ASI_ASI_arctic_a0008_noise_severe.wav,49484af8e502927a864751e9f84afea74f162f1406a22a728752799a9db6815a,4.02,22.6,134.3,studio_condenser_mic,A gentle breeze carried the scent of wild flowers.,A GENTLE BREEZE CARRIED THE SCENT OF WILD FLOWERS,9,stage4_characterization,L2-ARCTIC,noise_severe
ASI_arctic_a0009,ASI,Hindi,native_language,datasets/corrupted/noise_severe/ASI_ASI_arctic_a0009_noise_severe.wav,150020f3093497b635ece7a3f27c0603f8a2f33d3c2be9cede1a4073ea672795,4.02,22.88,134.3,studio_condenser_mic,She opened the door slowly to avoid making noise.,SHE OPENED THE DOOR SLOWLY TO AVOID MAKING NOISE,9,stage4_characterization,L2-ARCTIC,noise_severe
ASI_arctic_a0010,ASI,Hindi,native_language,datasets/corrupted/noise_severe/ASI_ASI_arctic_a0010_noise_severe.wav,fc5e2e4bb07c1c56d3e20c84563379007d1b8348520643bc2dccb3450ae4a681,4.02,22.87,134.3,studio_condenser_mic,The quick brown fox jumps over the lazy dog.,THE QUICK BROWN FOX JUMPS OVER THE LAZY DOG,9,stage4_characterization,L2-ARCTIC,noise_severe
BJM_arctic_a0001,BJM,Hindi,native_language,datasets/corrupted/noise_severe/BJM_BJM_arctic_a0001_noise_severe.wav,637e8906785e003653404b2217b5eb482d95079bddf0379849582b5d858c6467,3.64,21.95,131.9,studio_condenser_mic,"Author of the danger trail, Philip Steels, etc.",AUTHOR OF THE DANGER TRAIL PHILIP STEELS ETC,8,stage4_characterization,L2-ARCTIC,noise_severe
BJM_arctic_a0002,BJM,Hindi,native_language,datasets/corrupted/noise_severe/BJM_BJM_arctic_a0002_noise_severe.wav,a7a707c1be676ea9b08fa6ed15bce9f2bc267b331ebeef0dc16c7ceb7f8678ff,4.4,22.24,136.4,studio_condenser_mic,"Not at this particular moment, he wished for a moment.",NOT AT THIS PARTICULAR MOMENT HE WISHED FOR A MOMENT,10,stage4_characterization,L2-ARCTIC,noise_severe
BJM_arctic_a0003,BJM,Hindi,native_language,datasets/corrupted/noise_severe/BJM_BJM_arctic_a0003_noise_severe.wav,34b4be1a941f8c5aa2884fb1110c78b8d971be9343a3fae524f16f8694185056,4.78,22.03,138.1,studio_condenser_mic,For the twentieth time that evening the two men shook hands.,FOR THE TWENTIETH TIME THAT EVENING THE TWO MEN SHOOK HANDS,11,stage4_characterization,L2-ARCTIC,noise_severe
BJM_arctic_a0004,BJM,Hindi,native_language,datasets/corrupted/noise_severe/BJM_BJM_arctic_a0004_noise_severe.wav,1b3bd688f81b2b07c2fca7b496455d9ac57da8558f1982a51b296e76c0f697bd,4.4,22.13,136.4,studio_condenser_mic,"Lord, but I am glad to see you again, Phil.",LORD BUT I AM GLAD TO SEE YOU AGAIN PHIL,10,stage4_characterization,L2-ARCTIC,noise_severe
BJM_arctic_a0005,BJM,Hindi,native_language,datasets/corrupted/noise_severe/BJM_BJM_arctic_a0005_noise_severe.wav,4696ff6a8ec14346442359727307731725210e8b6f9df79a5cf284c6f6e797a2,3.64,21.94,131.9,studio_condenser_mic,The small birds rejoiced in the bright sunshine.,THE SMALL BIRDS REJOICED IN THE BRIGHT SUNSHINE,8,stage4_characterization,L2-ARCTIC,noise_severe
BJM_arctic_a0006,BJM,Hindi,native_language,datasets/corrupted/noise_severe/BJM_BJM_arctic_a0006_noise_severe.wav,719bf173b73e9f126f9086352ca7f56fc26fd3afd33a67b73c541c67b23c51dd,4.02,22.43,134.3,studio_condenser_mic,There was no doubt that the machine worked perfectly.,THERE WAS NO DOUBT THAT THE MACHINE WORKED PERFECTLY,9,stage4_characterization,L2-ARCTIC,noise_severe
BJM_arctic_a0007,BJM,Hindi,native_language,datasets/corrupted/noise_severe/BJM_BJM_arctic_a0007_noise_severe.wav,6c24727bc593846dfa8391567c6d9d102e362e35ec63faf99de910f17199b8aa,4.02,22.35,134.3,studio_condenser_mic,He asked me to accompany him to the harbor.,HE ASKED ME TO ACCOMPANY HIM TO THE HARBOR,9,stage4_characterization,L2-ARCTIC,noise_severe
BJM_arctic_a0008,BJM,Hindi,native_language,datasets/corrupted/noise_severe/BJM_BJM_arctic_a0008_noise_severe.wav,4a08f79d4e19f8e75862ae1f641a8c8d9e6866f6955c2b909d8ffc0332e814cc,4.02,22.16,134.3,studio_condenser_mic,A gentle breeze carried the scent of wild flowers.,A GENTLE BREEZE CARRIED THE SCENT OF WILD FLOWERS,9,stage4_characterization,L2-ARCTIC,noise_severe
BJM_arctic_a0009,BJM,Hindi,native_language,datasets/corrupted/noise_severe/BJM_BJM_arctic_a0009_noise_severe.wav,0a13a7bc5845433a94bf7b130ae05a12e6207abd869e12aeb40558d3759e613a,4.02,22.79,134.3,studio_condenser_mic,She opened the door slowly to avoid making noise.,SHE OPENED THE DOOR SLOWLY TO AVOID MAKING NOISE,9,stage4_characterization,L2-ARCTIC,noise_severe
BJM_arctic_a0010,BJM,Hindi,native_language,datasets/corrupted/noise_severe/BJM_BJM_arctic_a0010_noise_severe.wav,f7534d78cc9210f4d3c70bde70a93e972c597f4dae9f0afdeb390ad985f4b89d,4.02,22.45,134.3,studio_condenser_mic,The quick brown fox jumps over the lazy dog.,THE QUICK BROWN FOX JUMPS OVER THE LAZY DOG,9,stage4_characterization,L2-ARCTIC,noise_severe
EBVS_arctic_a0001,EBVS,Korean,native_language,datasets/corrupted/noise_severe/EBVS_EBVS_arctic_a0001_noise_severe.wav,85faddc676d438a0f1d5e8f6326ae94a5a4c5ccb360e9d392790034bf43e7a8a,3.64,23.01,131.9,studio_condenser_mic,"Author of the danger trail, Philip Steels, etc.",AUTHOR OF THE DANGER TRAIL PHILIP STEELS ETC,8,stage4_characterization,L2-ARCTIC,noise_severe
EBVS_arctic_a0002,EBVS,Korean,native_language,datasets/corrupted/noise_severe/EBVS_EBVS_arctic_a0002_noise_severe.wav,6efe7310df4e4a2a93118a0008db91015eb18a054bc220b2ed96f589fbf903d0,4.4,22.17,136.4,studio_condenser_mic,"Not at this particular moment, he wished for a moment.",NOT AT THIS PARTICULAR MOMENT HE WISHED FOR A MOMENT,10,stage4_characterization,L2-ARCTIC,noise_severe
EBVS_arctic_a0003,EBVS,Korean,native_language,datasets/corrupted/noise_severe/EBVS_EBVS_arctic_a0003_noise_severe.wav,61e1213fbe9f432c14a5d6227d4a9470d09f2880a7da18372eeb1b60d589d582,4.78,23.19,138.1,studio_condenser_mic,For the twentieth time that evening the two men shook hands.,FOR THE TWENTIETH TIME THAT EVENING THE TWO MEN SHOOK HANDS,11,stage4_characterization,L2-ARCTIC,noise_severe
EBVS_arctic_a0004,EBVS,Korean,native_language,datasets/corrupted/noise_severe/EBVS_EBVS_arctic_a0004_noise_severe.wav,d06411fc30a2f93901d272fd78758c0c500927ea1eff4b74c58a587a16c46d6c,4.4,22.49,136.4,studio_condenser_mic,"Lord, but I am glad to see you again, Phil.",LORD BUT I AM GLAD TO SEE YOU AGAIN PHIL,10,stage4_characterization,L2-ARCTIC,noise_severe
EBVS_arctic_a0005,EBVS,Korean,native_language,datasets/corrupted/noise_severe/EBVS_EBVS_arctic_a0005_noise_severe.wav,d210e3009b48a77c404bae53c51277d26c253daecc3a7dc52f8d1dfdc27db1ea,3.64,22.98,131.9,studio_condenser_mic,The small birds rejoiced in the bright sunshine.,THE SMALL BIRDS REJOICED IN THE BRIGHT SUNSHINE,8,stage4_characterization,L2-ARCTIC,noise_severe
EBVS_arctic_a0006,EBVS,Korean,native_language,datasets/corrupted/noise_severe/EBVS_EBVS_arctic_a0006_noise_severe.wav,145deba285f6ffcc9551692e602c44d711916cf955e6c4cf96675b4cb46a863a,4.02,23.16,134.3,studio_condenser_mic,There was no doubt that the machine worked perfectly.,THERE WAS NO DOUBT THAT THE MACHINE WORKED PERFECTLY,9,stage4_characterization,L2-ARCTIC,noise_severe
EBVS_arctic_a0007,EBVS,Korean,native_language,datasets/corrupted/noise_severe/EBVS_EBVS_arctic_a0007_noise_severe.wav,74dbee4f8c39e0cdf4b96c06fc837aff49690cd2b1953218030cb010f36a93ef,4.02,23.06,134.3,studio_condenser_mic,He asked me to accompany him to the harbor.,HE ASKED ME TO ACCOMPANY HIM TO THE HARBOR,9,stage4_characterization,L2-ARCTIC,noise_severe
EBVS_arctic_a0008,EBVS,Korean,native_language,datasets/corrupted/noise_severe/EBVS_EBVS_arctic_a0008_noise_severe.wav,5beaf66dd3b0250fb98f6a9544e080e16ec78bcdaf478fa3615d4a6131589fa9,4.02,23.23,134.3,studio_condenser_mic,A gentle breeze carried the scent of wild flowers.,A GENTLE BREEZE CARRIED THE SCENT OF WILD FLOWERS,9,stage4_characterization,L2-ARCTIC,noise_severe
EBVS_arctic_a0009,EBVS,Korean,native_language,datasets/corrupted/noise_severe/EBVS_EBVS_arctic_a0009_noise_severe.wav,b0f3a27ed263c99b58776d75ee284c0a72777f64447f693c7606328f204ef743,4.02,23.15,134.3,studio_condenser_mic,She opened the door slowly to avoid making noise.,SHE OPENED THE DOOR SLOWLY TO AVOID MAKING NOISE,9,stage4_characterization,L2-ARCTIC,noise_severe
EBVS_arctic_a0010,EBVS,Korean,native_language,datasets/corrupted/noise_severe/EBVS_EBVS_arctic_a0010_noise_severe.wav,8e135512ae76309532b6eed1be4989dbb9497c5d0b99ebeda08478e0b4f399c7,4.02,22.59,134.3,studio_condenser_mic,The quick brown fox jumps over the lazy dog.,THE QUICK BROWN FOX JUMPS OVER THE LAZY DOG,9,stage4_characterization,L2-ARCTIC,noise_severe
HCC_arctic_a0001,HCC,Korean,native_language,datasets/corrupted/noise_severe/HCC_HCC_arctic_a0001_noise_severe.wav,dd8f50b1c24d254edb36b34aaf4ab1a27fcd6aab738c76784b4dc2a78a35f5c9,3.64,22.68,131.9,studio_condenser_mic,"Author of the danger trail, Philip Steels, etc.",AUTHOR OF THE DANGER TRAIL PHILIP STEELS ETC,8,stage4_characterization,L2-ARCTIC,noise_severe
HCC_arctic_a0002,HCC,Korean,native_language,datasets/corrupted/noise_severe/HCC_HCC_arctic_a0002_noise_severe.wav,b5e29bab172541fb537f729fa2791794fc065f9602c1be716e0b67b130de29ae,4.4,22.83,136.4,studio_condenser_mic,"Not at this particular moment, he wished for a moment.",NOT AT THIS PARTICULAR MOMENT HE WISHED FOR A MOMENT,10,stage4_characterization,L2-ARCTIC,noise_severe
HCC_arctic_a0003,HCC,Korean,native_language,datasets/corrupted/noise_severe/HCC_HCC_arctic_a0003_noise_severe.wav,63682b81922fa1d0be84f08a4e153d6a372e9e86a0e6edcc7d2877b70ea3741f,4.78,22.98,138.1,studio_condenser_mic,For the twentieth time that evening the two men shook hands.,FOR THE TWENTIETH TIME THAT EVENING THE TWO MEN SHOOK HANDS,11,stage4_characterization,L2-ARCTIC,noise_severe
HCC_arctic_a0004,HCC,Korean,native_language,datasets/corrupted/noise_severe/HCC_HCC_arctic_a0004_noise_severe.wav,5c7046e2aec5eb7cd21dce366b83b8c4c29f6b21f507ca8e32d053ded53f9574,4.4,22.4,136.4,studio_condenser_mic,"Lord, but I am glad to see you again, Phil.",LORD BUT I AM GLAD TO SEE YOU AGAIN PHIL,10,stage4_characterization,L2-ARCTIC,noise_severe
HCC_arctic_a0005,HCC,Korean,native_language,datasets/corrupted/noise_severe/HCC_HCC_arctic_a0005_noise_severe.wav,6e44bf44d8a13442f789d96b5b8bf9aa27b0c1d00f26ed8a123c9ebb40d39197,3.64,22.53,131.9,studio_condenser_mic,The small birds rejoiced in the bright sunshine.,THE SMALL BIRDS REJOICED IN THE BRIGHT SUNSHINE,8,stage4_characterization,L2-ARCTIC,noise_severe
HCC_arctic_a0006,HCC,Korean,native_language,datasets/corrupted/noise_severe/HCC_HCC_arctic_a0006_noise_severe.wav,355d679b1728a49b04c026760375d2218ec7f17644a06e5f14c2eb4ebf24a2df,4.02,22.84,134.3,studio_condenser_mic,There was no doubt that the machine worked perfectly.,THERE WAS NO DOUBT THAT THE MACHINE WORKED PERFECTLY,9,stage4_characterization,L2-ARCTIC,noise_severe
HCC_arctic_a0007,HCC,Korean,native_language,datasets/corrupted/noise_severe/HCC_HCC_arctic_a0007_noise_severe.wav,eac48ae0153804281fef0fa2072bb70db37300855decfd0192c5ed6804732e03,4.02,22.85,134.3,studio_condenser_mic,He asked me to accompany him to the harbor.,HE ASKED ME TO ACCOMPANY HIM TO THE HARBOR,9,stage4_characterization,L2-ARCTIC,noise_severe
HCC_arctic_a0008,HCC,Korean,native_language,datasets/corrupted/noise_severe/HCC_HCC_arctic_a0008_noise_severe.wav,30ff490ed66f1a65118b058a0796651744a1b969f3d3e200d18ef54deb9789b3,4.02,23.12,134.3,studio_condenser_mic,A gentle breeze carried the scent of wild flowers.,A GENTLE BREEZE CARRIED THE SCENT OF WILD FLOWERS,9,stage4_characterization,L2-ARCTIC,noise_severe
HCC_arctic_a0009,HCC,Korean,native_language,datasets/corrupted/noise_severe/HCC_HCC_arctic_a0009_noise_severe.wav,594b4f689fa2173831d9b8b4d5c58c9a3eead1e563fa6409d8bb400ee967035a,4.02,23.09,134.3,studio_condenser_mic,She opened the door slowly to avoid making noise.,SHE OPENED THE DOOR SLOWLY TO AVOID MAKING NOISE,9,stage4_characterization,L2-ARCTIC,noise_severe
HCC_arctic_a0010,HCC,Korean,native_language,datasets/corrupted/noise_severe/HCC_HCC_arctic_a0010_noise_severe.wav,5763c5f112d58a7849062209798a8141a94f077d9c2297dad7afddb36356302c,4.02,23.03,134.3,studio_condenser_mic,The quick brown fox jumps over the lazy dog.,THE QUICK BROWN FOX JUMPS OVER THE LAZY DOG,9,stage4_characterization,L2-ARCTIC,noise_severe
BWC_arctic_a0001,BWC,Mandarin,native_language,datasets/corrupted/noise_severe/BWC_BWC_arctic_a0001_noise_severe.wav,68e4c6dcf5aa432c0c476f8b7b684fe336004d9298d972f06a79c8f97071e01e,3.64,22.87,131.9,studio_condenser_mic,"Author of the danger trail, Philip Steels, etc.",AUTHOR OF THE DANGER TRAIL PHILIP STEELS ETC,8,stage4_characterization,L2-ARCTIC,noise_severe
BWC_arctic_a0002,BWC,Mandarin,native_language,datasets/corrupted/noise_severe/BWC_BWC_arctic_a0002_noise_severe.wav,2c83f5b0566381646312d8669cd5c3ab38190982245cdd966f292355520ab845,4.4,23.08,136.4,studio_condenser_mic,"Not at this particular moment, he wished for a moment.",NOT AT THIS PARTICULAR MOMENT HE WISHED FOR A MOMENT,10,stage4_characterization,L2-ARCTIC,noise_severe
BWC_arctic_a0003,BWC,Mandarin,native_language,datasets/corrupted/noise_severe/BWC_BWC_arctic_a0003_noise_severe.wav,0fa3344721254ac84d81f2d95b117c0a05227c73fd0465789855aca423fc28b3,4.78,22.84,138.1,studio_condenser_mic,For the twentieth time that evening the two men shook hands.,FOR THE TWENTIETH TIME THAT EVENING THE TWO MEN SHOOK HANDS,11,stage4_characterization,L2-ARCTIC,noise_severe
BWC_arctic_a0004,BWC,Mandarin,native_language,datasets/corrupted/noise_severe/BWC_BWC_arctic_a0004_noise_severe.wav,6636052f0a5270295fa2489aa51b3cf721559ea9c8024b810d92026f986d05d8,4.4,22.61,136.4,studio_condenser_mic,"Lord, but I am glad to see you again, Phil.",LORD BUT I AM GLAD TO SEE YOU AGAIN PHIL,10,stage4_characterization,L2-ARCTIC,noise_severe
BWC_arctic_a0005,BWC,Mandarin,native_language,datasets/corrupted/noise_severe/BWC_BWC_arctic_a0005_noise_severe.wav,97f302eb64f80cd63bb411df81dc612433c8957fd6a5e4e62b66695c4410b8f8,3.64,22.65,131.9,studio_condenser_mic,The small birds rejoiced in the bright sunshine.,THE SMALL BIRDS REJOICED IN THE BRIGHT SUNSHINE,8,stage4_characterization,L2-ARCTIC,noise_severe
BWC_arctic_a0006,BWC,Mandarin,native_language,datasets/corrupted/noise_severe/BWC_BWC_arctic_a0006_noise_severe.wav,8cfdceac2d35ebb763d11fe9f754e7d378159d5e4fcec1da6700455870ebf8d5,4.02,23.34,134.3,studio_condenser_mic,There was no doubt that the machine worked perfectly.,THERE WAS NO DOUBT THAT THE MACHINE WORKED PERFECTLY,9,stage4_characterization,L2-ARCTIC,noise_severe
BWC_arctic_a0007,BWC,Mandarin,native_language,datasets/corrupted/noise_severe/BWC_BWC_arctic_a0007_noise_severe.wav,a44338ec418835308f0aa26f5e07323d769b9fd2053b01fb6174c1cb19c200de,4.02,22.94,134.3,studio_condenser_mic,He asked me to accompany him to the harbor.,HE ASKED ME TO ACCOMPANY HIM TO THE HARBOR,9,stage4_characterization,L2-ARCTIC,noise_severe
BWC_arctic_a0008,BWC,Mandarin,native_language,datasets/corrupted/noise_severe/BWC_BWC_arctic_a0008_noise_severe.wav,6e8df79514c61546d373f87834bd58434895a5855aa0124e44a9e339b8f8905d,4.02,23.65,134.3,studio_condenser_mic,A gentle breeze carried the scent of wild flowers.,A GENTLE BREEZE CARRIED THE SCENT OF WILD FLOWERS,9,stage4_characterization,L2-ARCTIC,noise_severe
BWC_arctic_a0009,BWC,Mandarin,native_language,datasets/corrupted/noise_severe/BWC_BWC_arctic_a0009_noise_severe.wav,965b887eb0e1a8246b28357e8c5abc0dc2c65e2d49d35870c636d8ed4b13232d,4.02,23.26,134.3,studio_condenser_mic,She opened the door slowly to avoid making noise.,SHE OPENED THE DOOR SLOWLY TO AVOID MAKING NOISE,9,stage4_characterization,L2-ARCTIC,noise_severe
BWC_arctic_a0010,BWC,Mandarin,native_language,datasets/corrupted/noise_severe/BWC_BWC_arctic_a0010_noise_severe.wav,aad442caca6a811db1d8b43c670b70c2f9d6d0910aee578780c7be81f110c9b5,4.02,23.65,134.3,studio_condenser_mic,The quick brown fox jumps over the lazy dog.,THE QUICK BROWN FOX JUMPS OVER THE LAZY DOG,9,stage4_characterization,L2-ARCTIC,noise_severe
TLX_arctic_a0001,TLX,Mandarin,native_language,datasets/corrupted/noise_severe/TLX_TLX_arctic_a0001_noise_severe.wav,fa6f20efabf753ad31acf1415957732c2e4c678b1dc7a11b44f830c727639319,3.64,22.3,131.9,studio_condenser_mic,"Author of the danger trail, Philip Steels, etc.",AUTHOR OF THE DANGER TRAIL PHILIP STEELS ETC,8,stage4_characterization,L2-ARCTIC,noise_severe
TLX_arctic_a0002,TLX,Mandarin,native_language,datasets/corrupted/noise_severe/TLX_TLX_arctic_a0002_noise_severe.wav,780c49fdb88ef835a3b487f77f5ee2061fe6dd8887969b6d56235f5ff87b0e48,4.4,22.69,136.4,studio_condenser_mic,"Not at this particular moment, he wished for a moment.",NOT AT THIS PARTICULAR MOMENT HE WISHED FOR A MOMENT,10,stage4_characterization,L2-ARCTIC,noise_severe
TLX_arctic_a0003,TLX,Mandarin,native_language,datasets/corrupted/noise_severe/TLX_TLX_arctic_a0003_noise_severe.wav,78ae3a19b91a28b720c931e48e88f8997aa2a4555aef4db7a053c0ca0883f5e5,4.78,23.36,138.1,studio_condenser_mic,For the twentieth time that evening the two men shook hands.,FOR THE TWENTIETH TIME THAT EVENING THE TWO MEN SHOOK HANDS,11,stage4_characterization,L2-ARCTIC,noise_severe
TLX_arctic_a0004,TLX,Mandarin,native_language,datasets/corrupted/noise_severe/TLX_TLX_arctic_a0004_noise_severe.wav,8d3f39218a47ac853ee9113b552ccc8d850cc814fdd482ade01e934d259b4ecb,4.4,22.96,136.4,studio_condenser_mic,"Lord, but I am glad to see you again, Phil.",LORD BUT I AM GLAD TO SEE YOU AGAIN PHIL,10,stage4_characterization,L2-ARCTIC,noise_severe
TLX_arctic_a0005,TLX,Mandarin,native_language,datasets/corrupted/noise_severe/TLX_TLX_arctic_a0005_noise_severe.wav,86e00d0082d81e51b028e5bee721f3ade587f7d1758d8ebc021c1bddb533e0dc,3.64,22.93,131.9,studio_condenser_mic,The small birds rejoiced in the bright sunshine.,THE SMALL BIRDS REJOICED IN THE BRIGHT SUNSHINE,8,stage4_characterization,L2-ARCTIC,noise_severe
TLX_arctic_a0006,TLX,Mandarin,native_language,datasets/corrupted/noise_severe/TLX_TLX_arctic_a0006_noise_severe.wav,de2c8516ff8836a7c3e5d1d53f0c48a15b25f0597c78d4f9483b548a234ad3f7,4.02,23.15,134.3,studio_condenser_mic,There was no doubt that the machine worked perfectly.,THERE WAS NO DOUBT THAT THE MACHINE WORKED PERFECTLY,9,stage4_characterization,L2-ARCTIC,noise_severe
TLX_arctic_a0007,TLX,Mandarin,native_language,datasets/corrupted/noise_severe/TLX_TLX_arctic_a0007_noise_severe.wav,5c3f58aec19167a9d721d42ce4cffcb3a20aa4a3ca167fb11f5ae15c7307ee87,4.02,23.23,134.3,studio_condenser_mic,He asked me to accompany him to the harbor.,HE ASKED ME TO ACCOMPANY HIM TO THE HARBOR,9,stage4_characterization,L2-ARCTIC,noise_severe
TLX_arctic_a0008,TLX,Mandarin,native_language,datasets/corrupted/noise_severe/TLX_TLX_arctic_a0008_noise_severe.wav,5c597b421150086e56b5c2162507a0a2bb7cc47737b9d72530e3cbca49fa9dbe,4.02,22.88,134.3,studio_condenser_mic,A gentle breeze carried the scent of wild flowers.,A GENTLE BREEZE CARRIED THE SCENT OF WILD FLOWERS,9,stage4_characterization,L2-ARCTIC,noise_severe
TLX_arctic_a0009,TLX,Mandarin,native_language,datasets/corrupted/noise_severe/TLX_TLX_arctic_a0009_noise_severe.wav,6b1c797372f523f814805fb9e7b4a942059dffff44dcf5f950625792045f0893,4.02,22.74,134.3,studio_condenser_mic,She opened the door slowly to avoid making noise.,SHE OPENED THE DOOR SLOWLY TO AVOID MAKING NOISE,9,stage4_characterization,L2-ARCTIC,noise_severe
TLX_arctic_a0010,TLX,Mandarin,native_language,datasets/corrupted/noise_severe/TLX_TLX_arctic_a0010_noise_severe.wav,79d3d9fa77f578e70231e8598b19738426b15ed8e79df816cbcd2f5cc81ba334,4.02,22.64,134.3,studio_condenser_mic,The quick brown fox jumps over the lazy dog.,THE QUICK BROWN FOX JUMPS OVER THE LAZY DOG,9,stage4_characterization,L2-ARCTIC,noise_severe
MBX_arctic_a0001,MBX,Spanish,native_language,datasets/corrupted/noise_severe/MBX_MBX_arctic_a0001_noise_severe.wav,daf26ba47cd58f0154014e3a4621d9f9118307c9be3188a36c45e732e637b24e,3.64,21.87,131.9,studio_condenser_mic,"Author of the danger trail, Philip Steels, etc.",AUTHOR OF THE DANGER TRAIL PHILIP STEELS ETC,8,stage4_characterization,L2-ARCTIC,noise_severe
MBX_arctic_a0002,MBX,Spanish,native_language,datasets/corrupted/noise_severe/MBX_MBX_arctic_a0002_noise_severe.wav,ad6ca7c7dcfdbb5283a11e96aa6ea8ae2702a83e5b9be61714e6e53f526c9cde,4.4,22.08,136.4,studio_condenser_mic,"Not at this particular moment, he wished for a moment.",NOT AT THIS PARTICULAR MOMENT HE WISHED FOR A MOMENT,10,stage4_characterization,L2-ARCTIC,noise_severe
MBX_arctic_a0003,MBX,Spanish,native_language,datasets/corrupted/noise_severe/MBX_MBX_arctic_a0003_noise_severe.wav,f1b6465ee3329c2a71d21411fc8e3bf345ebb62e071d5e46aa8ddf3b89578707,4.78,22.23,138.1,studio_condenser_mic,For the twentieth time that evening the two men shook hands.,FOR THE TWENTIETH TIME THAT EVENING THE TWO MEN SHOOK HANDS,11,stage4_characterization,L2-ARCTIC,noise_severe
MBX_arctic_a0004,MBX,Spanish,native_language,datasets/corrupted/noise_severe/MBX_MBX_arctic_a0004_noise_severe.wav,ba3db40c51aac5373ab6f081a095b3abd62e7ce94e7c05cee0f8f78e4a8cd7eb,4.4,22.32,136.4,studio_condenser_mic,"Lord, but I am glad to see you again, Phil.",LORD BUT I AM GLAD TO SEE YOU AGAIN PHIL,10,stage4_characterization,L2-ARCTIC,noise_severe
MBX_arctic_a0005,MBX,Spanish,native_language,datasets/corrupted/noise_severe/MBX_MBX_arctic_a0005_noise_severe.wav,2e4593338af25ee005f6b925f3d46499670d437e7343c6f915a132e37c13a579,3.64,21.84,131.9,studio_condenser_mic,The small birds rejoiced in the bright sunshine.,THE SMALL BIRDS REJOICED IN THE BRIGHT SUNSHINE,8,stage4_characterization,L2-ARCTIC,noise_severe
MBX_arctic_a0006,MBX,Spanish,native_language,datasets/corrupted/noise_severe/MBX_MBX_arctic_a0006_noise_severe.wav,f90d5f22d7089b64b5aa45641d4dd094b0fe8b3072859c976a5ada88a7780d8f,4.02,22.2,134.3,studio_condenser_mic,There was no doubt that the machine worked perfectly.,THERE WAS NO DOUBT THAT THE MACHINE WORKED PERFECTLY,9,stage4_characterization,L2-ARCTIC,noise_severe
MBX_arctic_a0007,MBX,Spanish,native_language,datasets/corrupted/noise_severe/MBX_MBX_arctic_a0007_noise_severe.wav,919ab38c4807e85950e58524e64d2fb220b27eeb5f5d88965174a42e9e90b348,4.02,22.18,134.3,studio_condenser_mic,He asked me to accompany him to the harbor.,HE ASKED ME TO ACCOMPANY HIM TO THE HARBOR,9,stage4_characterization,L2-ARCTIC,noise_severe
MBX_arctic_a0008,MBX,Spanish,native_language,datasets/corrupted/noise_severe/MBX_MBX_arctic_a0008_noise_severe.wav,8197556367ada2c9d5ae1f55f64bbe02920791a626b175d02eca16c94ddf211d,4.02,21.86,134.3,studio_condenser_mic,A gentle breeze carried the scent of wild flowers.,A GENTLE BREEZE CARRIED THE SCENT OF WILD FLOWERS,9,stage4_characterization,L2-ARCTIC,noise_severe
MBX_arctic_a0009,MBX,Spanish,native_language,datasets/corrupted/noise_severe/MBX_MBX_arctic_a0009_noise_severe.wav,27e4954d05ed7570bae8c7d72efbba28101717128ab1a65da2360231b0a6995f,4.02,22.06,134.3,studio_condenser_mic,She opened the door slowly to avoid making noise.,SHE OPENED THE DOOR SLOWLY TO AVOID MAKING NOISE,9,stage4_characterization,L2-ARCTIC,noise_severe
MBX_arctic_a0010,MBX,Spanish,native_language,datasets/corrupted/noise_severe/MBX_MBX_arctic_a0010_noise_severe.wav,81ba507b7bcdef4e00d19bd271947b24948033723b9215cbb1354a07426fc0ac,4.02,22.26,134.3,studio_condenser_mic,The quick brown fox jumps over the lazy dog.,THE QUICK BROWN FOX JUMPS OVER THE LAZY DOG,9,stage4_characterization,L2-ARCTIC,noise_severe
YDCK_arctic_a0001,YDCK,Spanish,native_language,datasets/corrupted/noise_severe/YDCK_YDCK_arctic_a0001_noise_severe.wav,bcce5c0b662cbd590d0ee84b40579008e69366bfeae65b6be2c7812da262d96c,3.64,21.9,131.9,studio_condenser_mic,"Author of the danger trail, Philip Steels, etc.",AUTHOR OF THE DANGER TRAIL PHILIP STEELS ETC,8,stage4_characterization,L2-ARCTIC,noise_severe
YDCK_arctic_a0002,YDCK,Spanish,native_language,datasets/corrupted/noise_severe/YDCK_YDCK_arctic_a0002_noise_severe.wav,7528521d9e0379b9fc37d3e815c22b3430ee950a3295e395344062f939b345ac,4.4,22.08,136.4,studio_condenser_mic,"Not at this particular moment, he wished for a moment.",NOT AT THIS PARTICULAR MOMENT HE WISHED FOR A MOMENT,10,stage4_characterization,L2-ARCTIC,noise_severe
YDCK_arctic_a0003,YDCK,Spanish,native_language,datasets/corrupted/noise_severe/YDCK_YDCK_arctic_a0003_noise_severe.wav,a3b4fcccd347a1d3123e261b088571b02c2a1ac1bfb90f5f4797c20379ccc201,4.78,21.8,138.1,studio_condenser_mic,For the twentieth time that evening the two men shook hands.,FOR THE TWENTIETH TIME THAT EVENING THE TWO MEN SHOOK HANDS,11,stage4_characterization,L2-ARCTIC,noise_severe
YDCK_arctic_a0004,YDCK,Spanish,native_language,datasets/corrupted/noise_severe/YDCK_YDCK_arctic_a0004_noise_severe.wav,4a5c9046b9a4dc516a4f7130f13d938540ada720d5d9f073eafbf9341784ae02,4.4,21.86,136.4,studio_condenser_mic,"Lord, but I am glad to see you again, Phil.",LORD BUT I AM GLAD TO SEE YOU AGAIN PHIL,10,stage4_characterization,L2-ARCTIC,noise_severe
YDCK_arctic_a0005,YDCK,Spanish,native_language,datasets/corrupted/noise_severe/YDCK_YDCK_arctic_a0005_noise_severe.wav,381dbcef00a395ef7c36b7f52bf6a771e42026cea1d4a48ef73e0e44683626e2,3.64,21.62,131.9,studio_condenser_mic,The small birds rejoiced in the bright sunshine.,THE SMALL BIRDS REJOICED IN THE BRIGHT SUNSHINE,8,stage4_characterization,L2-ARCTIC,noise_severe
YDCK_arctic_a0006,YDCK,Spanish,native_language,datasets/corrupted/noise_severe/YDCK_YDCK_arctic_a0006_noise_severe.wav,162aa9add274d13aa5496d45a184108b5418cd3fe0a8e8269c364e269d36b9b2,4.02,22.02,134.3,studio_condenser_mic,There was no doubt that the machine worked perfectly.,THERE WAS NO DOUBT THAT THE MACHINE WORKED PERFECTLY,9,stage4_characterization,L2-ARCTIC,noise_severe
YDCK_arctic_a0007,YDCK,Spanish,native_language,datasets/corrupted/noise_severe/YDCK_YDCK_arctic_a0007_noise_severe.wav,61e417afa4f582e1c381971056d1266a5b65442a5737edf6ff5d093d94ec92a9,4.02,22.02,134.3,studio_condenser_mic,He asked me to accompany him to the harbor.,HE ASKED ME TO ACCOMPANY HIM TO THE HARBOR,9,stage4_characterization,L2-ARCTIC,noise_severe
YDCK_arctic_a0008,YDCK,Spanish,native_language,datasets/corrupted/noise_severe/YDCK_YDCK_arctic_a0008_noise_severe.wav,2921f9b37410c76753a7f4c6a475855a46f7c05724c518112985629752c9e2e0,4.02,22.04,134.3,studio_condenser_mic,A gentle breeze carried the scent of wild flowers.,A GENTLE BREEZE CARRIED THE SCENT OF WILD FLOWERS,9,stage4_characterization,L2-ARCTIC,noise_severe
YDCK_arctic_a0009,YDCK,Spanish,native_language,datasets/corrupted/noise_severe/YDCK_YDCK_arctic_a0009_noise_severe.wav,44a982b67499037d4b1b62197fbab2354707764ec642db016eb1508be299bfb2,4.02,21.84,134.3,studio_condenser_mic,She opened the door slowly to avoid making noise.,SHE OPENED THE DOOR SLOWLY TO AVOID MAKING NOISE,9,stage4_characterization,L2-ARCTIC,noise_severe
YDCK_arctic_a0010,YDCK,Spanish,native_language,datasets/corrupted/noise_severe/YDCK_YDCK_arctic_a0010_noise_severe.wav,fdd11b8a56b98e887f5de6ced0294a9d62ab69f005643ffce3d7c4995c7d7e91,4.02,21.82,134.3,studio_condenser_mic,The quick brown fox jumps over the lazy dog.,THE QUICK BROWN FOX JUMPS OVER THE LAZY DOG,9,stage4_characterization,L2-ARCTIC,noise_severe
BVT_arctic_a0001,BVT,Vietnamese,native_language,datasets/corrupted/noise_severe/BVT_BVT_arctic_a0001_noise_severe.wav,929cdb7f96d92ae5537796e0a7d03ebfe74685abfb3eba13e43ac96c651d3c0f,3.64,23.39,131.9,studio_condenser_mic,"Author of the danger trail, Philip Steels, etc.",AUTHOR OF THE DANGER TRAIL PHILIP STEELS ETC,8,stage4_characterization,L2-ARCTIC,noise_severe
BVT_arctic_a0002,BVT,Vietnamese,native_language,datasets/corrupted/noise_severe/BVT_BVT_arctic_a0002_noise_severe.wav,7d603da067cb8316aa15c3564474dcb5e5365cded907f43095ec4a507a285f2d,4.4,23.5,136.4,studio_condenser_mic,"Not at this particular moment, he wished for a moment.",NOT AT THIS PARTICULAR MOMENT HE WISHED FOR A MOMENT,10,stage4_characterization,L2-ARCTIC,noise_severe
BVT_arctic_a0003,BVT,Vietnamese,native_language,datasets/corrupted/noise_severe/BVT_BVT_arctic_a0003_noise_severe.wav,eb551e7babbfc48672a9da0e65d26370f6124cdeae4700e8282c1430ae3ed953,4.78,23.24,138.1,studio_condenser_mic,For the twentieth time that evening the two men shook hands.,FOR THE TWENTIETH TIME THAT EVENING THE TWO MEN SHOOK HANDS,11,stage4_characterization,L2-ARCTIC,noise_severe
BVT_arctic_a0004,BVT,Vietnamese,native_language,datasets/corrupted/noise_severe/BVT_BVT_arctic_a0004_noise_severe.wav,0ec1d851101bd817e8e97082eaf9a3a08cad2c20f2bac1db7010874e485edd2b,4.4,23.56,136.4,studio_condenser_mic,"Lord, but I am glad to see you again, Phil.",LORD BUT I AM GLAD TO SEE YOU AGAIN PHIL,10,stage4_characterization,L2-ARCTIC,noise_severe
BVT_arctic_a0005,BVT,Vietnamese,native_language,datasets/corrupted/noise_severe/BVT_BVT_arctic_a0005_noise_severe.wav,3dd2be175c1fcbbf95dbd78ec1248e7ed10383a7f1c7c3637a4f89f1c1bda1f3,3.64,22.71,131.9,studio_condenser_mic,The small birds rejoiced in the bright sunshine.,THE SMALL BIRDS REJOICED IN THE BRIGHT SUNSHINE,8,stage4_characterization,L2-ARCTIC,noise_severe
BVT_arctic_a0006,BVT,Vietnamese,native_language,datasets/corrupted/noise_severe/BVT_BVT_arctic_a0006_noise_severe.wav,ab50fe6660e167400aa2fab78835099eb4a6128090f9a66b07f41d243cb987e2,4.02,22.9,134.3,studio_condenser_mic,There was no doubt that the machine worked perfectly.,THERE WAS NO DOUBT THAT THE MACHINE WORKED PERFECTLY,9,stage4_characterization,L2-ARCTIC,noise_severe
BVT_arctic_a0007,BVT,Vietnamese,native_language,datasets/corrupted/noise_severe/BVT_BVT_arctic_a0007_noise_severe.wav,96b05c641114223ed6de2da8ad46342187289f6aed0d37d01af7e0db4c0ee18d,4.02,22.71,134.3,studio_condenser_mic,He asked me to accompany him to the harbor.,HE ASKED ME TO ACCOMPANY HIM TO THE HARBOR,9,stage4_characterization,L2-ARCTIC,noise_severe
BVT_arctic_a0008,BVT,Vietnamese,native_language,datasets/corrupted/noise_severe/BVT_BVT_arctic_a0008_noise_severe.wav,45e3ddf4e2adb869d6e843e34366d93e44ab4296b60c369975ad2808ca5531c1,4.02,22.88,134.3,studio_condenser_mic,A gentle breeze carried the scent of wild flowers.,A GENTLE BREEZE CARRIED THE SCENT OF WILD FLOWERS,9,stage4_characterization,L2-ARCTIC,noise_severe
BVT_arctic_a0009,BVT,Vietnamese,native_language,datasets/corrupted/noise_severe/BVT_BVT_arctic_a0009_noise_severe.wav,1dc9326f4bea243239472b9060097cca8fe36687462951966529701d033f95c3,4.02,22.72,134.3,studio_condenser_mic,She opened the door slowly to avoid making noise.,SHE OPENED THE DOOR SLOWLY TO AVOID MAKING NOISE,9,stage4_characterization,L2-ARCTIC,noise_severe
BVT_arctic_a0010,BVT,Vietnamese,native_language,datasets/corrupted/noise_severe/BVT_BVT_arctic_a0010_noise_severe.wav,e064b9028060f692d8496ad002bb201874b4d66e30b2aab6e2ebf2a114815a9e,4.02,22.84,134.3,studio_condenser_mic,The quick brown fox jumps over the lazy dog.,THE QUICK BROWN FOX JUMPS OVER THE LAZY DOG,9,stage4_characterization,L2-ARCTIC,noise_severe
LXC_arctic_a0001,LXC,Vietnamese,native_language,datasets/corrupted/noise_severe/LXC_LXC_arctic_a0001_noise_severe.wav,a75c58fea6a5b26ae201b56786a19530243e6557a1085c31ab1852e76852f2ad,3.64,23.27,131.9,studio_condenser_mic,"Author of the danger trail, Philip Steels, etc.",AUTHOR OF THE DANGER TRAIL PHILIP STEELS ETC,8,stage4_characterization,L2-ARCTIC,noise_severe
LXC_arctic_a0002,LXC,Vietnamese,native_language,datasets/corrupted/noise_severe/LXC_LXC_arctic_a0002_noise_severe.wav,ddceba61e35d1caec8eaee9fa24d23e49626bd7d9249ad92139fa750fe6ea1df,4.4,22.7,136.4,studio_condenser_mic,"Not at this particular moment, he wished for a moment.",NOT AT THIS PARTICULAR MOMENT HE WISHED FOR A MOMENT,10,stage4_characterization,L2-ARCTIC,noise_severe
LXC_arctic_a0003,LXC,Vietnamese,native_language,datasets/corrupted/noise_severe/LXC_LXC_arctic_a0003_noise_severe.wav,79b148b170e89f97d1d14e4a7693a2f4f99071e97815f522641c577916453f3a,4.78,23.08,138.1,studio_condenser_mic,For the twentieth time that evening the two men shook hands.,FOR THE TWENTIETH TIME THAT EVENING THE TWO MEN SHOOK HANDS,11,stage4_characterization,L2-ARCTIC,noise_severe
LXC_arctic_a0004,LXC,Vietnamese,native_language,datasets/corrupted/noise_severe/LXC_LXC_arctic_a0004_noise_severe.wav,1231385e66c5fb5e0fc282e3ec756b3513d52299c9c4088d91fe58d365a31f2f,4.4,23.4,136.4,studio_condenser_mic,"Lord, but I am glad to see you again, Phil.",LORD BUT I AM GLAD TO SEE YOU AGAIN PHIL,10,stage4_characterization,L2-ARCTIC,noise_severe
LXC_arctic_a0005,LXC,Vietnamese,native_language,datasets/corrupted/noise_severe/LXC_LXC_arctic_a0005_noise_severe.wav,c93e5d605341e4360feb569e5995434f59f54590a758b3fbd61333f7d1d21973,3.64,23.26,131.9,studio_condenser_mic,The small birds rejoiced in the bright sunshine.,THE SMALL BIRDS REJOICED IN THE BRIGHT SUNSHINE,8,stage4_characterization,L2-ARCTIC,noise_severe
LXC_arctic_a0006,LXC,Vietnamese,native_language,datasets/corrupted/noise_severe/LXC_LXC_arctic_a0006_noise_severe.wav,fba309fc2e0c90aa5bffcd4246552a21f219c6dbf253038e39dd0b1bae069a70,4.02,22.98,134.3,studio_condenser_mic,There was no doubt that the machine worked perfectly.,THERE WAS NO DOUBT THAT THE MACHINE WORKED PERFECTLY,9,stage4_characterization,L2-ARCTIC,noise_severe
LXC_arctic_a0007,LXC,Vietnamese,native_language,datasets/corrupted/noise_severe/LXC_LXC_arctic_a0007_noise_severe.wav,12bda089c20bfc8abf3bf0411a60e89d1230f06a2b7205eebc457dcad6c6d4df,4.02,22.76,134.3,studio_condenser_mic,He asked me to accompany him to the harbor.,HE ASKED ME TO ACCOMPANY HIM TO THE HARBOR,9,stage4_characterization,L2-ARCTIC,noise_severe
LXC_arctic_a0008,LXC,Vietnamese,native_language,datasets/corrupted/noise_severe/LXC_LXC_arctic_a0008_noise_severe.wav,89a854f32a5a84a4a03e57fd12e9a357577833ed5480c126ef688a52fdc57f59,4.02,22.57,134.3,studio_condenser_mic,A gentle breeze carried the scent of wild flowers.,A GENTLE BREEZE CARRIED THE SCENT OF WILD FLOWERS,9,stage4_characterization,L2-ARCTIC,noise_severe
LXC_arctic_a0009,LXC,Vietnamese,native_language,datasets/corrupted/noise_severe/LXC_LXC_arctic_a0009_noise_severe.wav,f6c4e98ac84efc7e6964edeaef23e605745b341c56642d3e3ce61b8cc5ccaaa4,4.02,22.33,134.3,studio_condenser_mic,She opened the door slowly to avoid making noise.,SHE OPENED THE DOOR SLOWLY TO AVOID MAKING NOISE,9,stage4_characterization,L2-ARCTIC,noise_severe
LXC_arctic_a0010,LXC,Vietnamese,native_language,datasets/corrupted/noise_severe/LXC_LXC_arctic_a0010_noise_severe.wav,b09984ecdc8be525e6ad405c40f658667e93897cfabc685bb85a4c2af7176c75,4.02,22.83,134.3,studio_condenser_mic,The quick brown fox jumps over the lazy dog.,THE QUICK BROWN FOX JUMPS OVER THE LAZY DOG,9,stage4_characterization,L2-ARCTIC,noise_severe
